"state","year","ac_no","ac_name","ac_type","cand1","party1","votes1","position","vote_percent"
"Madras",1967,1,"WASHERMANPET","GEN","M. VEDACHALAM","DMK",34571,1,50.7
"Madras",1967,1,"WASHERMANPET","GEN","M. M. NADAR","INC",27329,2,40.08
"Madras",1967,1,"WASHERMANPET","GEN","R. NAYAKAR","IND",6072,3,8.9
"Madras",1967,1,"WASHERMANPET","GEN","K. BALAKRISHNAN","IND",218,4,0.32
"Madras",1967,2,"HARBOUR","GEN","H. BAIG","IND",29360,1,51.69
"Madras",1967,2,"HARBOUR","GEN","K. S. G. H. SHEREEF","INC",25510,2,44.91
"Madras",1967,2,"HARBOUR","GEN","MOTILAL","BJS",1935,3,3.41
"Madras",1967,3,"BASIN BRIDGE","GEN","M. R. KANNAN","DMK",40109,1,53.81
"Madras",1967,3,"BASIN BRIDGE","GEN","K. RAMDAS","INC",30757,2,41.26
"Madras",1967,3,"BASIN BRIDGE","GEN","G. KANNAN","CPI",3450,3,4.63
"Madras",1967,3,"BASIN BRIDGE","GEN","T. SUNDARARAJAN","IND",229,4,0.31
"Madras",1967,4,"PARK TOWN","GEN","H. V. HANDE","SWA",29144,1,51.57
"Madras",1967,4,"PARK TOWN","GEN","T. N. ANANDANAYAKI","INC",26465,2,46.83
"Madras",1967,4,"PARK TOWN","GEN","P. C. KALYANASUNDARAM","BJS",384,3,0.68
"Madras",1967,4,"PARK TOWN","GEN","K. ARIYASANKARAN","IND",325,4,0.58
"Madras",1967,4,"PARK TOWN","GEN","V. THANIKACHALAM","IND",191,5,0.34
"Madras",1967,5,"PERAMBUR","SC","S. MUTHU","DMK",40364,1,54.19
"Madras",1967,5,"PERAMBUR","SC","D. SULOCHANA","INC",33677,2,45.21
"Madras",1967,5,"PERAMBUR","SC","MUTHUVELU","IND",445,3,0.6
"Madras",1967,6,"PURASAWALKAM","GEN","V. S. GOVINDARAJAN","DMK",41272,1,58.04
"Madras",1967,6,"PURASAWALKAM","GEN","DAMODARAN","INC",29046,2,40.85
"Madras",1967,6,"PURASAWALKAM","GEN","KRISHNIAH","BJS",792,3,1.11
"Madras",1967,7,"EGMORE","GEN","A. V. P. ASAITHAMBI","DMK",36133,1,54.2
"Madras",1967,7,"EGMORE","GEN","J. VENCATACHELLUM","INC",29187,2,43.78
"Madras",1967,7,"EGMORE","GEN","G. SAMUAL","IND",1350,3,2.02
"Madras",1967,8,"THOUSANDLIGHTS","GEN","K. A. MATHIALAGAN","DMK",39518,1,60.27
"Madras",1967,8,"THOUSANDLIGHTS","GEN","M. SIVARAJ","INC",25370,2,38.69
"Madras",1967,8,"THOUSANDLIGHTS","GEN","K. MUNIRAJI","IND",245,3,0.37
"Madras",1967,8,"THOUSANDLIGHTS","GEN","P. RAMAKRISHNAN","BJS",238,4,0.36
"Madras",1967,8,"THOUSANDLIGHTS","GEN","A. K. M. PITCHAI","IND",198,5,0.3
"Madras",1967,9,"TRIPLICANE","GEN","V. R. NEDUNCHEZHIYAN","DMK",38721,1,59.41
"Madras",1967,9,"TRIPLICANE","GEN","M. S. SAMMANDAPPA","INC",26027,2,39.93
"Madras",1967,9,"TRIPLICANE","GEN","N. V. RAO","BJS",431,3,0.66
"Madras",1967,10,"MYLAPORE","GEN","ARANGANNAL","DMK",37498,1,57.02
"Madras",1967,10,"MYLAPORE","GEN","V. R. RADHAKRISHNAN","INC",28270,2,42.98
"Madras",1967,11,"THIAGARAYANAGAR","GEN","M. P. SIVAGNANAM","DMK",37662,1,57.36
"Madras",1967,11,"THIAGARAYANAGAR","GEN","K. M. SUBRAMANIAM","IND",27669,2,42.14
"Madras",1967,11,"THIAGARAYANAGAR","GEN","LAKSHMINARASIMHAN","BJS",333,3,0.51
"Madras",1967,12,"SAIDAPET","GEN","M. KARUNANIDHI","DMK",53401,1,60.96
"Madras",1967,12,"SAIDAPET","GEN","S. G. VINAYAGAMURTHI","INC",32919,2,37.58
"Madras",1967,12,"SAIDAPET","GEN","D. SARADAMBAL","IND",665,3,0.76
"Madras",1967,12,"SAIDAPET","GEN","M. PARASURAM","IND",327,4,0.37
"Madras",1967,12,"SAIDAPET","GEN","M. VENUGOPAL","IND",290,5,0.33
"Madras",1967,13,"GUMMIDIPUNDI","GEN","K. VEZHAVENDAN","DMK",35887,1,52.57
"Madras",1967,13,"GUMMIDIPUNDI","GEN","KAMALAMBUJAMMAL","INC",31527,2,46.19
"Madras",1967,13,"GUMMIDIPUNDI","GEN","A. V. J. NATCKER","IND",848,3,1.24
"Madras",1967,14,"PONNERI","SC","P. NAGALINGAM","DMK",37746,1,56.61
"Madras",1967,14,"PONNERI","SC","T. P. ELUMALAI","INC",27751,2,41.62
"Madras",1967,14,"PONNERI","SC","A. P. ELUMALAI","IND",1177,3,1.77
"Madras",1967,15,"TIRUVOTRIYUR","GEN","A. P. ARASU","DMK",51437,1,61.23
"Madras",1967,15,"TIRUVOTRIYUR","GEN","V. VENKATESWARALU","INC",32564,2,38.77
"Madras",1967,16,"ST THOMAS MOUNT","GEN","M. G. RAMACHANDRAN","DMK",54106,1,66.67
"Madras",1967,16,"ST THOMAS MOUNT","GEN","T. L. RAGHUPATHY","INC",26432,2,32.57
"Madras",1967,16,"ST THOMAS MOUNT","GEN","K. KASINATHAN","BJS",613,3,0.76
"Madras",1967,17,"TIRUPORUR","GEN","M. ADHI","DMK",39047,1,60.03
"Madras",1967,17,"TIRUPORUR","GEN","N. M. MANIVARAMA","INC",22631,2,34.79
"Madras",1967,17,"TIRUPORUR","GEN","BUPATHY","IND",2039,3,3.13
"Madras",1967,17,"TIRUPORUR","GEN","SAHADEVAN","IND",1334,4,2.05
"Madras",1967,18,"CHINGLEPUT","GEN","C. G. VISWANATHAN","DMK",43428,1,62.77
"Madras",1967,18,"CHINGLEPUT","GEN","T. NAICKER","INC",19879,2,28.73
"Madras",1967,18,"CHINGLEPUT","GEN","NARASIMHAN","IND",5879,3,8.5
"Madras",1967,19,"MADURANTAKAM","GEN","KOTHANDAM","DMK",38382,1,59.2
"Madras",1967,19,"MADURANTAKAM","GEN","G. REDDY","INC",25200,2,38.87
"Madras",1967,19,"MADURANTAKAM","GEN","V. KRISHNASWAMY","IND",1248,3,1.93
"Madras",1967,20,"ACHARAPAKKAM","SC","P. S. ELLAPPAN","SWA",38223,1,62.11
"Madras",1967,20,"ACHARAPAKKAM","SC","P. SARADAMBAL","INC",23322,2,37.89
"Madras",1967,21,"UTTIRAMERUR","GEN","K. M. RAJAGOPAL","DMK",47689,1,64.01
"Madras",1967,21,"UTTIRAMERUR","GEN","O. S. REDDIAR","INC",26814,2,35.99
"Madras",1967,22,"KANCHEEPURAM","GEN","N. KRISHNAN","DMK",45266,1,56.78
"Madras",1967,22,"KANCHEEPURAM","GEN","V. C. S. NAYAGAR","INC",33716,2,42.3
"Madras",1967,22,"KANCHEEPURAM","GEN","C. JEEVARATHINAM","BJS",733,3,0.92
"Madras",1967,23,"KUNNATHUR","SC","M. GOPAL","DMK",47772,1,68.88
"Madras",1967,23,"KUNNATHUR","SC","P. APPAVOO","INC",20563,2,29.65
"Madras",1967,23,"KUNNATHUR","SC","B. A. MOORTHY","IND",1024,3,1.48
"Madras",1967,24,"SRIPERUMBUDUR","GEN","D. IRAJARATHINAM","DMK",41655,1,54.13
"Madras",1967,24,"SRIPERUMBUDUR","GEN","M. BHAKTAVATSALAM","INC",32729,2,42.53
"Madras",1967,24,"SRIPERUMBUDUR","GEN","GUINDIRATHINAM","IND",1640,3,2.13
"Madras",1967,24,"SRIPERUMBUDUR","GEN","SUBRAMANIAN","IND",558,4,0.73
"Madras",1967,24,"SRIPERUMBUDUR","GEN","C. VENKATARAMAN","IND",367,5,0.48
"Madras",1967,25,"KADAMBATHUR","GEN","C. V. M. ANNAMALAI","DMK",43499,1,66.68
"Madras",1967,25,"KADAMBATHUR","GEN","C. C. NAIDU","INC",21741,2,33.32
"Madras",1967,26,"TIRUVALLUR","SC","S. M. DORAIRAJ","DMK",40687,1,66.06
"Madras",1967,26,"TIRUVALLUR","SC","V. S. ARUNACHALAM","INC",19030,2,30.9
"Madras",1967,26,"TIRUVALLUR","SC","P. GOPAL","IND",1875,3,3.04
"Madras",1967,27,"TIRUTTANI","GEN","K. VINAYAKAM","INC",27123,1,40.34
"Madras",1967,27,"TIRUTTANI","GEN","V. K. KUPPUSWAMY","DMK",25337,2,37.68
"Madras",1967,27,"TIRUTTANI","GEN","G. DESAPPAN","IND",14777,3,21.98
"Madras",1967,28,"ARKONAM","GEN","S. J. RAMASAMY","DMK",38478,1,52.78
"Madras",1967,28,"ARKONAM","GEN","B. NAIDU","INC",30870,2,42.35
"Madras",1967,28,"ARKONAM","GEN","BAKTHAVATCHALAM","IND",3549,3,4.87
"Madras",1967,29,"SHOLINGHUR","GEN","ARANGANATHAN","DMK",35225,1,51.67
"Madras",1967,29,"SHOLINGHUR","GEN","A. M. P. MUDALIAR","INC",28201,2,41.37
"Madras",1967,29,"SHOLINGHUR","GEN","A. REDDY","IND",3466,3,5.08
"Madras",1967,29,"SHOLINGHUR","GEN","P. REDDY","IND",1282,4,1.88
"Madras",1967,30,"RANIPET","GEN","A. G. SAHIB","IND",30011,1,45.14
"Madras",1967,30,"RANIPET","GEN","S. K. SHERIFF","INC",28953,2,43.55
"Madras",1967,30,"RANIPET","GEN","C. K. GOUNDER","IND",3645,3,5.48
"Madras",1967,30,"RANIPET","GEN","V. C. KESAVAN","IND",1936,4,2.91
"Madras",1967,30,"RANIPET","GEN","K. JAGANNATHAN","IND",989,5,1.49
"Madras",1967,30,"RANIPET","GEN","A. K. UKKIRAPANI","IND",548,6,0.82
"Madras",1967,30,"RANIPET","GEN","S. S. SUNDARARAMAN","IND",406,7,0.61
"Madras",1967,31,"ARCOT","GEN","N. VEERASWAMY","DMK",37514,1,60.13
"Madras",1967,31,"ARCOT","GEN","A. G. R. NAICKER","INC",23184,2,37.16
"Madras",1967,31,"ARCOT","GEN","E. P. PILLAI","BJS",1695,3,2.72
"Madras",1967,32,"KATPADI","GEN","G. NATARAJAN","DMK",32952,1,53.06
"Madras",1967,32,"KATPADI","GEN","P. S. R. NAIDU","INC",25032,2,40.3
"Madras",1967,32,"KATPADI","GEN","C. GOPAL","RPI",4125,3,6.64
"Madras",1967,33,"GUDIYATTAM","GEN","V. K. KOTHANDARAMAN","CPM",38825,1,61.21
"Madras",1967,33,"GUDIYATTAM","GEN","B. R. NAIDU","INC",21901,2,34.53
"Madras",1967,33,"GUDIYATTAM","GEN","G. KANNABIRAN","CPI",2708,3,4.27
"Madras",1967,34,"PERNAMBATTU","SC","P. JAYARAMAN","DMK",28868,1,54.75
"Madras",1967,34,"PERNAMBATTU","SC","T. MANAVALAN","INC",19957,2,37.85
"Madras",1967,34,"PERNAMBATTU","SC","A. M. SUBRAMANIAM","RPI",3904,3,7.4
"Madras",1967,35,"NATRAMPALLI","GEN","T. C. T. GOUNDER","DMK",29215,1,52.18
"Madras",1967,35,"NATRAMPALLI","GEN","R. C. S. GOUNDER","INC",26776,2,47.82
"Madras",1967,36,"TIRUPPATTUR","GEN","C. GOUNDER","DMK",32589,1,49.8
"Madras",1967,36,"TIRUPPATTUR","GEN","SHUNMUGAM","INC",30512,2,46.62
"Madras",1967,36,"TIRUPPATTUR","GEN","MURUGESAN","RPI",2345,3,3.58
"Madras",1967,37,"VANIYAMBADI","GEN","RAJAMANNAR","INC",26946,1,50.77
"Madras",1967,37,"VANIYAMBADI","GEN","VADIVEL","DMK",25308,2,47.69
"Madras",1967,37,"VANIYAMBADI","GEN","M. GOUNDER","IND",819,3,1.54
"Madras",1967,38,"AMBUR","SC","M. PANNEERSELVAM","DMK",31554,1,56.35
"Madras",1967,38,"AMBUR","SC","P. RAJAGOPAL","INC",20947,2,37.41
"Madras",1967,38,"AMBUR","SC","A. T. VELAYUTHAM","RPI",3499,3,6.25
"Madras",1967,39,"KAMIYAMBADI","GEN","L. BALARAMAN","INC",29512,1,49.62
"Madras",1967,39,"KAMIYAMBADI","GEN","T. THIRUVENGADAM","DMK",28100,2,47.24
"Madras",1967,39,"KAMIYAMBADI","GEN","K. MAYAKRISHNAN","RPI",1867,3,3.14
"Madras",1967,40,"VELLORE","GEN","M. P. SARATHI","DMK",39863,1,58.96
"Madras",1967,40,"VELLORE","GEN","J. MUDALIAR","INC",25449,2,37.64
"Madras",1967,40,"VELLORE","GEN","V. K. DAMODARAN","RPI",1209,3,1.79
"Madras",1967,40,"VELLORE","GEN","M. CHETTIAR","IND",550,4,0.81
"Madras",1967,40,"VELLORE","GEN","MANI","IND",350,5,0.52
"Madras",1967,40,"VELLORE","GEN","S. UDAYAR","BJS",192,6,0.28
"Madras",1967,41,"ARNI","GEN","A. C. NARASIMHAN","DMK",38038,1,60.74
"Madras",1967,41,"ARNI","GEN","T. B. J. CHETTIAR","INC",17320,2,27.66
"Madras",1967,41,"ARNI","GEN","M. MUNISWAMY","IND",5880,3,9.39
"Madras",1967,41,"ARNI","GEN","K. P. K. NAICKER","IND",1383,4,2.21
"Madras",1967,42,"CHEYYAR","GEN","K. GOVINDAN","DMK",37068,1,54.86
"Madras",1967,42,"CHEYYAR","GEN","K. M. KANGAN","INC",17395,2,25.74
"Madras",1967,42,"CHEYYAR","GEN","P. NAICKER","IND",11095,3,16.42
"Madras",1967,42,"CHEYYAR","GEN","P. K. CHANDRAN","IND",2012,4,2.98
"Madras",1967,43,"WANDIWASH","SC","MUTHULINGAM","DMK",38626,1,61.25
"Madras",1967,43,"WANDIWASH","SC","A. ADINEELAM","INC",21300,2,33.78
"Madras",1967,43,"WANDIWASH","SC","C. KUPPUSAMI","RPI",1903,3,3.02
"Madras",1967,43,"WANDIWASH","SC","M. KARUNAIPRAKASAM","IND",1231,4,1.95
"Madras",1967,44,"PERNAMALLUR","GEN","V. D. A. MUDALY","DMK",29413,1,46.25
"Madras",1967,44,"PERNAMALLUR","GEN","P. RAMACHANDRAN","INC",20225,2,31.8
"Madras",1967,44,"PERNAMALLUR","GEN","P. ETTIAPPAN","IND",10714,3,16.85
"Madras",1967,44,"PERNAMALLUR","GEN","D. K. NAIDU","IND",2480,4,3.9
"Madras",1967,44,"PERNAMALLUR","GEN","D. SUBRAMANIAM","IND",769,5,1.21
"Madras",1967,45,"POLUR","GEN","S. KUPPAMAL","DMK",33292,1,56.92
"Madras",1967,45,"POLUR","GEN","S. M. ANNAMALAI","INC",20224,2,34.58
"Madras",1967,45,"POLUR","GEN","P. KOTHANDARAMAN","IND",4969,3,8.5
"Madras",1967,46,"CHENGAM","SC","P. S. SANTHANAM","DMK",29828,1,56.84
"Madras",1967,46,"CHENGAM","SC","A. ARUMUGHAM","INC",18773,2,35.77
"Madras",1967,46,"CHENGAM","SC","P. DHANAPAL","IND",1927,3,3.67
"Madras",1967,46,"CHENGAM","SC","R. KANNIAH","RPI",1425,4,2.72
"Madras",1967,46,"CHENGAM","SC","C. K. MANICKAM","IND",524,5,1
"Madras",1967,47,"THANDRAMBATTU","GEN","K. S. KANDAR","INC",29524,1,50.31
"Madras",1967,47,"THANDRAMBATTU","GEN","R. DHARMALINGAM","DMK",28185,2,48.03
"Madras",1967,47,"THANDRAMBATTU","GEN","C. G. NAIDU","IND",971,3,1.65
"Madras",1967,48,"KALASAPAKKAM","GEN","S. MURUGIAN","INC",32697,1,51.37
"Madras",1967,48,"KALASAPAKKAM","GEN","M. SUNDARASAN","DMK",20554,2,32.3
"Madras",1967,48,"KALASAPAKKAM","GEN","K. R. K. GOUNDER","IND",10393,3,16.33
"Madras",1967,49,"TIRUVANNAMALAI","GEN","D. VIJAYARAJ","INC",38153,1,49.39
"Madras",1967,49,"TIRUVANNAMALAI","GEN","P. U. SHANMUGAM","DMK",34968,2,45.26
"Madras",1967,49,"TIRUVANNAMALAI","GEN","M. ARUMUGAM","IND",4134,3,5.35
"Madras",1967,50,"MELMALAYANUR","GEN","R. R. MUNUSAMY","DMK",33115,1,50.68
"Madras",1967,50,"MELMALAYANUR","GEN","K. G. GOUNDER","INC",17295,2,26.47
"Madras",1967,50,"MELMALAYANUR","GEN","K. ARANGANATHAN","IND",11756,3,17.99
"Madras",1967,50,"MELMALAYANUR","GEN","M. A. KUTHAN","IND",2051,4,3.14
"Madras",1967,50,"MELMALAYANUR","GEN","A. ANTHONISAMY","IND",1120,5,1.71
"Madras",1967,51,"GINGEE","GEN","V. MUNUSAMI","DMK",39517,1,55.59
"Madras",1967,51,"GINGEE","GEN","G. RAJARAM","INC",27905,2,39.26
"Madras",1967,51,"GINGEE","GEN","P. R. ARANGANATHAN","IND",1592,3,2.24
"Madras",1967,51,"GINGEE","GEN","K. LOURDUNATHAN","IND",793,4,1.12
"Madras",1967,51,"GINGEE","GEN","A. ERUSAN","IND",747,5,1.05
"Madras",1967,51,"GINGEE","GEN","P. SAMINATHAN","IND",532,6,0.75
"Madras",1967,52,"TINDIVANAM","GEN","K. RAMAMOORTHY","INC",34106,1,51.59
"Madras",1967,52,"TINDIVANAM","GEN","A. THANGAVELU","DMK",32008,2,48.41
"Madras",1967,53,"VANUR","SC","BALAKRISHNAN","DMK",30023,1,50.06
"Madras",1967,53,"VANUR","SC","VELAYUDHAM","INC",29953,2,49.94
"Madras",1967,54,"KANDAMANGALAM","SC","M. RAMAN","DMK",35617,1,55.83
"Madras",1967,54,"KANDAMANGALAM","SC","M. S. SARASWATHI","INC",28180,2,44.17
"Madras",1967,55,"VILLUPURAM","GEN","M. SHANMUGAM","DMK",37605,1,53.73
"Madras",1967,55,"VILLUPURAM","GEN","V. P. S. GOUNDER","INC",31674,2,45.26
"Madras",1967,55,"VILLUPURAM","GEN","T. S. RAMACHANDRAN","IND",706,3,1.01
"Madras",1967,56,"NELLIKUPPAM","GEN","C. GOVINDARAJAN","CPM",28090,1,47.24
"Madras",1967,56,"NELLIKUPPAM","GEN","A. LAKSHMINARAYANAN","INC",23117,2,38.88
"Madras",1967,56,"NELLIKUPPAM","GEN","S. S. CHANDRASEKARAN","IND",5537,3,9.31
"Madras",1967,56,"NELLIKUPPAM","GEN","M. GANGACHALAM","IND",1633,4,2.75
"Madras",1967,56,"NELLIKUPPAM","GEN","V. RAJARAM","IND",1085,5,1.82
"Madras",1967,57,"CUDDALORE","GEN","E. RE. ELAMVAZHUTHI","DMK",35093,1,55.09
"Madras",1967,57,"CUDDALORE","GEN","P. R. S. PADAYACHI","INC",27845,2,43.71
"Madras",1967,57,"CUDDALORE","GEN","A. PADAYACHI","IND",767,3,1.2
"Madras",1967,58,"PANRUTI","GEN","S. RAMACHANDRAN","DMK",43745,1,60.82
"Madras",1967,58,"PANRUTI","GEN","V. V. PADAYACHI","INC",28179,2,39.18
"Madras",1967,59,"KURINJIPADI","SC","N. RAJANGAM","DMK",25478,1,54.5
"Madras",1967,59,"KURINJIPADI","SC","M. JAYARAMAN","INC",18226,2,38.99
"Madras",1967,59,"KURINJIPADI","SC","P. VAITHILINGAM","IND",1569,3,3.36
"Madras",1967,59,"KURINJIPADI","SC","G. DHANAGOPAL","IND",1473,4,3.15
"Madras",1967,60,"BHUVANAGIRI","GEN","A. GOVINDARASAN","DMK",38795,1,56.28
"Madras",1967,60,"BHUVANAGIRI","GEN","D. RAMACHANDRAN","INC",28234,2,40.96
"Madras",1967,60,"BHUVANAGIRI","GEN","M. CHELLAPPA","IND",1900,3,2.76
"Madras",1967,61,"KATTUMANNARKOIL","SC","S. SIVASUBRAMANIAN","INC",30521,1,48.34
"Madras",1967,61,"KATTUMANNARKOIL","SC","C. GOVINDARASU","DMK",30387,2,48.13
"Madras",1967,61,"KATTUMANNARKOIL","SC","A. SAMIDURAI","IND",1561,3,2.47
"Madras",1967,61,"KATTUMANNARKOIL","SC","C. KALIAMOORTHY","IND",349,4,0.55
"Madras",1967,61,"KATTUMANNARKOIL","SC","S. CHINNAYYA","IND",320,5,0.51
"Madras",1967,62,"CHIDAMBARAM","GEN","R. K. PILLAI","INC",34911,1,49.18
"Madras",1967,62,"CHIDAMBARAM","GEN","P. PONCHOCKALINGAM","DMK",33356,2,46.99
"Madras",1967,62,"CHIDAMBARAM","GEN","R. GOVINDARAJAN","IND",1881,3,2.65
"Madras",1967,62,"CHIDAMBARAM","GEN","P. NATARAJAN","IND",834,4,1.17
"Madras",1967,63,"VRIDHACHALAM","GEN","G. BHUVARAGHAN","INC",42230,1,54.77
"Madras",1967,63,"VRIDHACHALAM","GEN","M. SELVARAJ","DMK",33363,2,43.27
"Madras",1967,63,"VRIDHACHALAM","GEN","M. MOUCHI","IND",826,3,1.07
"Madras",1967,63,"VRIDHACHALAM","GEN","A. MANGAN","IND",681,4,0.88
"Madras",1967,64,"MANGALUR","SC","A. KRISHNAN","DMK",34538,1,56.67
"Madras",1967,64,"MANGALUR","SC","P. VEDAMANICKAM","INC",21669,2,35.56
"Madras",1967,64,"MANGALUR","SC","M. KATTIMUTH","IND",2204,3,3.62
"Madras",1967,64,"MANGALUR","SC","V. KRISHNAN","IND",845,4,1.39
"Madras",1967,64,"MANGALUR","SC","K. RAYAR","IND",654,5,1.07
"Madras",1967,64,"MANGALUR","SC","V. DURAISAMY","IND",562,6,0.92
"Madras",1967,64,"MANGALUR","SC","P. MUTHUKANNU","IND",471,7,0.77
"Madras",1967,65,"LUNDURPET","GEN","M. K. PADAYATCHI","INC",26796,1,47.23
"Madras",1967,65,"LUNDURPET","GEN","V. S. PADAYACHI","DMK",25236,2,44.48
"Madras",1967,65,"LUNDURPET","GEN","A. P. RAMASAMY","IND",4707,3,8.3
"Madras",1967,66,"TIRUKOILUR","GEN","E. M. SUBRAMANIAM","INC",34259,1,51.25
"Madras",1967,66,"TIRUKOILUR","GEN","A. S. KUMARASAMY","DMK",32586,2,48.75
"Madras",1967,67,"MUGAIYUR","GEN","A. GOVINDASAMY","DMK",37598,1,56.42
"Madras",1967,67,"MUGAIYUR","GEN","N. K GANAPATHY","INC",25555,2,38.35
"Madras",1967,67,"MUGAIYUR","GEN","A. ANTONISWAMY","IND",2674,3,4.01
"Madras",1967,67,"MUGAIYUR","GEN","S. N. KANDER","IND",810,4,1.22
"Madras",1967,68,"RISHIVANDIYAM","SC","M. ANANDAN","DMK",26491,1,49.6
"Madras",1967,68,"RISHIVANDIYAM","SC","L. ANANDAN","INC",26173,2,49
"Madras",1967,68,"RISHIVANDIYAM","SC","N. T. SINGARAM","IND",750,3,1.4
"Madras",1967,69,"SANKARAPURAM","GEN","S. P. PACHAIYAPPAN","DMK",28292,1,54.75
"Madras",1967,69,"SANKARAPURAM","GEN","D. MUTHUSAMI","INC",22774,2,44.07
"Madras",1967,69,"SANKARAPURAM","GEN","U. YOUNUS","IND",613,3,1.19
"Madras",1967,70,"KALLAKURICHI","GEN","D. K. NAIDU","DMK",39175,1,56.38
"Madras",1967,70,"KALLAKURICHI","GEN","V. T. ELAYAPILLAI","INC",28642,2,41.22
"Madras",1967,70,"KALLAKURICHI","GEN","M. MUTHUVEL","IND",1261,3,1.81
"Madras",1967,70,"KALLAKURICHI","GEN","K. K. V. RAO","IND",409,4,0.59
"Madras",1967,71,"HOSUR","GEN","B. VENKATASWAMI","SWA",21530,1,52.69
"Madras",1967,71,"HOSUR","GEN","K. A. PILLAI","INC",19329,2,47.31
"Madras",1967,72,"UDDANAPALLE","GEN","K. S. KOTHANDRAMIAH","SWA",29391,1,65.75
"Madras",1967,72,"UDDANAPALLE","GEN","D. C. VIJENDRIAH","INC",15313,2,34.25
"Madras",1967,73,"KRISHNAGIRI","GEN","P. M. M. GOUNDER","INC",24220,1,47.31
"Madras",1967,73,"KRISHNAGIRI","GEN","C. MANNIAPPAN","DMK",24035,2,46.95
"Madras",1967,73,"KRISHNAGIRI","GEN","P. CHETTI","IND",2937,3,5.74
"Madras",1967,74,"KAVERIPATNAM","GEN","P. NAIDU","INC",32953,1,52.74
"Madras",1967,74,"KAVERIPATNAM","GEN","P. V. SEERAMULU","DMK",29532,2,47.26
"Madras",1967,75,"UTTANGARAI","GEN","T. T. GOUNDER","INC",31791,1,49.06
"Madras",1967,75,"UTTANGARAI","GEN","K. R. KRISHNAN","DMK",29751,2,45.91
"Madras",1967,75,"UTTANGARAI","GEN","T. NAIDU","IND",3256,3,5.02
"Madras",1967,76,"HARUR","SC","N. THEERTHAGIRI","INC",27565,1,48.09
"Madras",1967,76,"HARUR","SC","N. ARUMUGAM","DMK",27017,2,47.14
"Madras",1967,76,"HARUR","SC","P. V. KARIYAMAL","RPI",2488,3,4.34
"Madras",1967,76,"HARUR","SC","C. THEERTHAGIRI","BJS",248,4,0.43
"Madras",1967,77,"DHARMAPURI","GEN","M. S. GOUNTER","DMK",36258,1,53.02
"Madras",1967,77,"DHARMAPURI","GEN","D. N. VADIVEL","INC",29567,2,43.23
"Madras",1967,77,"DHARMAPURI","GEN","D. M. THANGAVELU","IND",1397,3,2.04
"Madras",1967,77,"DHARMAPURI","GEN","T. V. A. CHETTIAR","IND",676,4,0.99
"Madras",1967,77,"DHARMAPURI","GEN","J. A. K. M. MUDALIAR","BJS",493,5,0.72
"Madras",1967,78,"PALACODE","GEN","K. MURUGESAN","INC",29186,1,50.05
"Madras",1967,78,"PALACODE","GEN","M. B. MUNUSAMY","DMK",26096,2,44.75
"Madras",1967,78,"PALACODE","GEN","K. K. GOUNDER","IND",1135,3,1.95
"Madras",1967,78,"PALACODE","GEN","P. NANJAPPAN","IND",996,4,1.71
"Madras",1967,78,"PALACODE","GEN","S. A. PANDIT","IND",897,5,1.54
"Madras",1967,79,"PENNAGARAM","GEN","P. K. C. MUTHUSAMY","INC",27913,1,49.2
"Madras",1967,79,"PENNAGARAM","GEN","N. MANICKAM","DMK",26570,2,46.84
"Madras",1967,79,"PENNAGARAM","GEN","R. P. GOUNDER","CPI",2246,3,3.96
"Madras",1967,80,"METTUR","GEN","M. SURENDRAN","PSP",30635,1,48.78
"Madras",1967,80,"METTUR","GEN","K. K. GOUNDER","INC",24597,2,39.17
"Madras",1967,80,"METTUR","GEN","R. S. KANDASAMI","IND",5950,3,9.47
"Madras",1967,80,"METTUR","GEN","M. ARULSAMI","IND",1619,4,2.58
"Madras",1967,81,"TARAMANGALAM","GEN","GOVINDAN","DMK",33222,1,57.8
"Madras",1967,81,"TARAMANGALAM","GEN","M. S. KRISHNAN","INC",24259,2,42.2
"Madras",1967,82,"OMALUR","SC","C. PALANI","DMK",28121,1,56.17
"Madras",1967,82,"OMALUR","SC","C. GOVINDAN","INC",17876,2,35.71
"Madras",1967,82,"OMALUR","SC","A. RAJAGOOPAL","CPI",2871,3,5.73
"Madras",1967,82,"OMALUR","SC","C. NALLAPPAN","IND",1195,4,2.39
"Madras",1967,83,"SALEM I","GEN","K. JAYARAMAN","DMK",46776,1,57.92
"Madras",1967,83,"SALEM I","GEN","P. THIAGARAJAN","INC",32710,2,40.51
"Madras",1967,83,"SALEM I","GEN","N. P. VASUDEVAN","BJS",835,3,1.03
"Madras",1967,83,"SALEM I","GEN","S. C. GOPAL","IND",432,4,0.53
"Madras",1967,84,"SALEM I I","GEN","E. R. KRISHNAN","DMK",38781,1,58
"Madras",1967,84,"SALEM I I","GEN","A. R. GOUNDER","INC",27285,2,40.81
"Madras",1967,84,"SALEM I I","GEN","S. S. R. RAO","BJS",799,3,1.19
"Madras",1967,85,"YERCAUD","ST","V. CHINNASAMY","DMK",25124,1,56.25
"Madras",1967,85,"YERCAUD","ST","PONNUDURAI","INC",19537,2,43.75
"Madras",1967,86,"PANAMARATHUPATTI","GEN","T. PONNUMALAI","DMK",34597,1,53.7
"Madras",1967,86,"PANAMARATHUPATTI","GEN","C. SEPPERUMAL","DMK",26870,2,41.7
"Madras",1967,86,"PANAMARATHUPATTI","GEN","K. K. KARUPPANNAN","CPI",2269,3,3.52
"Madras",1967,86,"PANAMARATHUPATTI","GEN","K. S. AYYASAMY","IND",694,4,1.08
"Madras",1967,87,"VEERAPANDY","GEN","S. ARUMUGAM","DMK",42681,1,66.11
"Madras",1967,87,"VEERAPANDY","GEN","N. S. SUNDARARAJAN","INC",21876,2,33.89
"Madras",1967,88,"EDAPPADI","GEN","A. ARUMUGAM","DMK",36935,1,54.7
"Madras",1967,88,"EDAPPADI","GEN","K. S. S. GOUNDER","INC",30593,2,45.3
"Madras",1967,89,"SANKARI","SC","R. NALLAMUTHU","DMK",30112,1,61.7
"Madras",1967,89,"SANKARI","SC","A. RAJENDRAN","INC",17174,2,35.19
"Madras",1967,89,"SANKARI","SC","K. KANDASAMY","IND",765,3,1.57
"Madras",1967,89,"SANKARI","SC","P. RAJU","BJS",753,4,1.54
"Madras",1967,90,"TIRUCHENGODE","GEN","T. A. RAJAVELU","DMK",42479,1,64.73
"Madras",1967,90,"TIRUCHENGODE","GEN","T. P. NATESAN","INC",22131,2,33.72
"Madras",1967,90,"TIRUCHENGODE","GEN","R. RAJAN","IND",1012,3,1.54
"Madras",1967,91,"KAPILAMALAI","GEN","C. V. VELAPPAN","DMK",41026,1,52.25
"Madras",1967,91,"KAPILAMALAI","GEN","R. S. GOUNDER","INC",32733,2,41.69
"Madras",1967,91,"KAPILAMALAI","GEN","P. GOUNDER","IND",2223,3,2.83
"Madras",1967,91,"KAPILAMALAI","GEN","P. P. NAICKER","IND",1945,4,2.48
"Madras",1967,91,"KAPILAMALAI","GEN","K. R. ARUMUGAM","IND",590,5,0.75
"Madras",1967,92,"NAMAKKAL","GEN","M. MUTHUSWAMY","DMK",39510,1,54.37
"Madras",1967,92,"NAMAKKAL","GEN","V. R. K. GOUNDER","INC",31651,2,43.55
"Madras",1967,92,"NAMAKKAL","GEN","R. K. M. P. PANDARAM","IND",849,3,1.17
"Madras",1967,92,"NAMAKKAL","GEN","RADHIKRISHNAN","IND",661,4,0.91
"Madras",1967,93,"SENDAMANGALAM","ST","A. S. GOUNDER","INC",31308,1,50.62
"Madras",1967,93,"SENDAMANGALAM","ST","S. T. DORAISWAMY","CPM",30537,2,49.38
"Madras",1967,94,"RASIPURAM","GEN","P. PERIASAMY","DMK",38402,1,52.53
"Madras",1967,94,"RASIPURAM","GEN","K. M. GOUNDER","INC",30873,2,42.23
"Madras",1967,94,"RASIPURAM","GEN","K. V. K. RAMASWAMY","IND",2142,3,2.93
"Madras",1967,94,"RASIPURAM","GEN","S. BALU","IND",1001,4,1.37
"Madras",1967,94,"RASIPURAM","GEN","O. GOVINDRAJU","BJS",440,5,0.6
"Madras",1967,94,"RASIPURAM","GEN","P. DAIVANAYAGAM","IND",250,6,0.34
"Madras",1967,95,"ATTUR","GEN","K.N. SIVAPERUMAL","DMK",40456,1,57.22
"Madras",1967,95,"ATTUR","GEN","M. P. SUBRAMANYAM","INC",30252,2,42.78
"Madras",1967,96,"TALAVASAL","SC","M. MARIMUTHU","DMK",33289,1,55.39
"Madras",1967,96,"TALAVASAL","SC","A. DORAISAMY","INC",24448,2,40.68
"Madras",1967,96,"TALAVASAL","SC","K. MUTHUSAMY","IND",1687,3,2.81
"Madras",1967,96,"TALAVASAL","SC","M. VAJJIRAVEL","IND",353,4,0.59
"Madras",1967,96,"TALAVASAL","SC","S. ARUMUGAM","IND",324,5,0.54
"Madras",1967,97,"GUDALUR","SC","C. NANJAM","INC",20675,1,49.24
"Madras",1967,97,"GUDALUR","SC","BOMMAN","SWA",20047,2,47.74
"Madras",1967,97,"GUDALUR","SC","MADASWAMY","IND",1266,3,3.02
"Madras",1967,98,"OOTACAMUND","GEN","K. BOJAN","SWA",37525,1,68.03
"Madras",1967,98,"OOTACAMUND","GEN","T. K. GOWDER","INC",17636,2,31.97
"Madras",1967,99,"COONOOR","GEN","B. GOWDER","DMK",31855,1,58.74
"Madras",1967,99,"COONOOR","GEN","M.K.N. GOWDER","INC",22380,2,41.26
"Madras",1967,100,"METTUPALAYAM","GEN","T.T.S. THIPPIAH","INC",29709,1,45.42
"Madras",1967,100,"METTUPALAYAM","GEN","THOOYAMANI","DMK",26736,2,40.87
"Madras",1967,100,"METTUPALAYAM","GEN","K. VEELLINGIRI","CPI",8967,3,13.71
"Madras",1967,101,"AVANASHI","GEN","R. K. GOUNDER","SWA",31927,1,54.36
"Madras",1967,101,"AVANASHI","GEN","K. M. GOUNDER","INC",26808,2,45.64
"Madras",1967,102,"THONDAMUTHUR","GEN","R. MANICKAVACHAKAM","DMK",42261,1,59.14
"Madras",1967,102,"THONDAMUTHUR","GEN","V. E. NAIDU","INC",26842,2,37.56
"Madras",1967,102,"THONDAMUTHUR","GEN","R. K. GOUNDER","IND",2354,3,3.29
"Madras",1967,103,"SINGANALLUR","GEN","P. VELUSAMY","PSP",38378,1,54.93
"Madras",1967,103,"SINGANALLUR","GEN","V.K.L. GOUNDER","INC",25115,2,35.95
"Madras",1967,103,"SINGANALLUR","GEN","P.S. CHINNADURAI","SSP",5721,3,8.19
"Madras",1967,103,"SINGANALLUR","GEN","K.R.G. NAIDU","IND",647,4,0.93
"Madras",1967,104,"PERUR","SC","N. MARUDACHALAM","CPM",43740,1,61.49
"Madras",1967,104,"PERUR","SC","R. RAYAPPAN","INC",26548,2,37.32
"Madras",1967,104,"PERUR","SC","V. NARAYANASAMI","IND",842,3,1.18
"Madras",1967,105,"COIMBATORE WEST","GEN","J, GOVINDARAJULU","DMK",41059,1,63.85
"Madras",1967,105,"COIMBATORE WEST","GEN","S.R.P.P. CHETTIAR","INC",23251,2,36.15
"Madras",1967,106,"COIMBATORE EAST","GEN","M. BHUPATHY","CPM",33122,1,50.81
"Madras",1967,106,"COIMBATORE EAST","GEN","G.R. DAMODARAN","INC",27477,2,42.15
"Madras",1967,106,"COIMBATORE EAST","GEN","R. RANGASWAMY","CPI",4595,3,7.05
"Madras",1967,107,"KINATHUKADAVU","GEN","KANNAPPAN","DMK",40645,1,64.63
"Madras",1967,107,"KINATHUKADAVU","GEN","S. GOUNDER","INC",20691,2,32.9
"Madras",1967,107,"KINATHUKADAVU","GEN","A.C. MYLSWAMY","IND",1249,3,1.99
"Madras",1967,107,"KINATHUKADAVU","GEN","RAMALINGAM","IND",302,4,0.48
"Madras",1967,108,"POLLACHI","GEN","A.P.S. GOUNDER","DMK",37480,1,58.65
"Madras",1967,108,"POLLACHI","GEN","E. GOUNDER","INC",25688,2,40.2
"Madras",1967,108,"POLLACHI","GEN","BALU","IND",740,3,1.16
"Madras",1967,109,"VALPARAI","SC","E. RAMASAMI","DMK",40945,1,66.24
"Madras",1967,109,"VALPARAI","SC","N. NACHIMUTHU","INC",20868,2,33.76
"Madras",1967,110,"UDUMALPET","GEN","S.J.S. PASHA","DMK",39796,1,58.17
"Madras",1967,110,"UDUMALPET","GEN","K. RAMASAMI","INC",25778,2,37.68
"Madras",1967,110,"UDUMALPET","GEN","M. D. THEVAR","IND",2840,3,4.15
"Madras",1967,111,"DHARAPURAM","SC","PALANIAMMAL","DMK",42433,1,65
"Madras",1967,111,"DHARAPURAM","SC","P. VELUSAMY","INC",21800,2,33.39
"Madras",1967,111,"DHARAPURAM","SC","S. GURUNATHAN","IND",1052,3,1.61
"Madras",1967,112,"VELLAKOIL","GEN","K. N. S. GOUNDER","DMK",46009,1,62.44
"Madras",1967,112,"VELLAKOIL","GEN","D. P. GOUNDER","INC",26578,2,36.07
"Madras",1967,112,"VELLAKOIL","GEN","L. GOUNDER","IND",1101,3,1.49
"Madras",1967,113,"KANGAYAM","GEN","A. S. GOUNDER","INC",24800,1,36.41
"Madras",1967,113,"KANGAYAM","GEN","VELUSAMI","DMK",24654,2,36.19
"Madras",1967,113,"KANGAYAM","GEN","N.K. PALANISWAMY","CPI",17691,3,25.97
"Madras",1967,113,"KANGAYAM","GEN","K. GOUNDER","IND",974,4,1.43
"Madras",1967,114,"PONGALUR","GEN","P.N.P. GOUNDER","DMK",38371,1,61.75
"Madras",1967,114,"PONGALUR","GEN","P.S. RANGASWAMY","INC",22414,2,36.07
"Madras",1967,114,"PONGALUR","GEN","S. GOPALSWAMY","IND",788,3,1.27
"Madras",1967,114,"PONGALUR","GEN","R. GOUNDER","IND",563,4,0.91
"Madras",1967,115,"PALLADAM","GEN","K.N.K. GOUNDER","PSP",31977,1,46.99
"Madras",1967,115,"PALLADAM","GEN","R. SENGALIAPPAN","INC",24421,2,35.89
"Madras",1967,115,"PALLADAM","GEN","M.V. GOUNDER","IND",11650,3,17.12
"Madras",1967,116,"TIRUPPUR","GEN","S. DURAISAMY","DMK",35518,1,50.05
"Madras",1967,116,"TIRUPPUR","GEN","K.N.P. GOUNDER","INC",21373,2,30.12
"Madras",1967,116,"TIRUPPUR","GEN","P. MURUGESAN","CPI",14073,3,19.83
"Madras",1967,117,"MODAKKURICHI","GEN","K.R. NALLASIVAM","SSP",45303,1,61.23
"Madras",1967,117,"MODAKKURICHI","GEN","C. KULANDIAMMAL","INC",25444,2,34.39
"Madras",1967,117,"MODAKKURICHI","GEN","S. GOBU","RPI",3245,3,4.39
"Madras",1967,118,"PERUNDURAI","GEN","S. BALASUBRAMANIAN","SSP",33164,1,47.41
"Madras",1967,118,"PERUNDURAI","GEN","N.N.S. NANDRADIAR","INC",30030,2,42.93
"Madras",1967,118,"PERUNDURAI","GEN","N.T. RAJU","CPI",6761,3,9.66
"Madras",1967,119,"ERODE","GEN","M. CHINNASAMY","DMK",45471,1,59.14
"Madras",1967,119,"ERODE","GEN","P. ARJUNAN","INC",25808,2,33.57
"Madras",1967,119,"ERODE","GEN","R.C. PALANIAPPAN","CPI",4687,3,6.1
"Madras",1967,119,"ERODE","GEN","M. GURUSAMY","RPI",920,4,1.2
"Madras",1967,120,"BHAVANI","GEN","A.M. RAJA","DMK",43353,1,65.16
"Madras",1967,120,"BHAVANI","GEN","P.K. MUDALIAR","INC",21999,2,33.07
"Madras",1967,120,"BHAVANI","GEN","C.V.V. SAMY","IND",1177,3,1.77
"Madras",1967,121,"ANDHIYUR","GEN","E.M. NATARAJAN","DMK",34877,1,55.99
"Madras",1967,121,"ANDHIYUR","GEN","GURUMURTHI","INC",27409,2,44.01
"Madras",1967,122,"GOBICHETTIPALAYAM","GEN","K.M.R. GOUNDER","SWA",31974,1,52.61
"Madras",1967,122,"GOBICHETTIPALAYAM","GEN","M. GOUNDER","INC",27403,2,45.09
"Madras",1967,122,"GOBICHETTIPALAYAM","GEN","CHELLAIAN","RPI",1402,3,2.31
"Madras",1967,123,"SATYAMANGALAM","GEN","P.G. KARUTHIRUMAN","INC",25484,1,49.22
"Madras",1967,123,"SATYAMANGALAM","GEN","S.M. MARAPPAN","CPM",24278,2,46.89
"Madras",1967,123,"SATYAMANGALAM","GEN","RAJAMANICKAM","IND",2011,3,3.88
"Madras",1967,124,"BHAVANISAGAR","SC","RAMARASAN","DMK",26980,1,51.76
"Madras",1967,124,"BHAVANISAGAR","SC","M. VELUSAMY","INC",22187,2,42.57
"Madras",1967,124,"BHAVANISAGAR","SC","V. KURAVAN","RPI",2954,3,5.67
"Madras",1967,125,"ODDANCHATRAM","GEN","N. GOUNDER","DMK",39817,1,55.55
"Madras",1967,125,"ODDANCHATRAM","GEN","A.P. PALANIAPPAN","INC",30953,2,43.18
"Madras",1967,125,"ODDANCHATRAM","GEN","V.S.M. GOUNDER","IND",910,3,1.27
"Madras",1967,126,"PALANI","SC","KRISHNAMOORTHY","DMK",47671,1,65.8
"Madras",1967,126,"PALANI","SC","BALAKRISHNAN","INC",24780,2,34.2
"Madras",1967,127,"PERIAKULAM","SC","M. METHA","DMK",36023,1,54.85
"Madras",1967,127,"PERIAKULAM","SC","R.S. SUBRAMANIAM","INC",29648,2,45.15
"Madras",1967,128,"BODINAYAKANUR","GEN","S.SRINIVASAN","INC",34671,1,49.83
"Madras",1967,128,"BODINAYAKANUR","GEN","P.V. DURAIRAJ","CPM",33905,2,48.73
"Madras",1967,128,"BODINAYAKANUR","GEN","P.R. CHETTY","IND",1007,3,1.45
"Madras",1967,129,"CUMBUM","GEN","RAJANGAM","DMK",41440,1,59.66
"Madras",1967,129,"CUMBUM","GEN","N.S.K.S. PANDIARAJ","INC",28025,2,40.34
"Madras",1967,130,"THENI","GEN","P. RAJAN","DMK",42111,1,58.73
"Madras",1967,130,"THENI","GEN","M. MALAICHAMI","INC",29597,2,41.27
"Madras",1967,131,"ANDIPATTI","GEN","S. PARAMASIVAM","SWA",35351,1,54.86
"Madras",1967,131,"ANDIPATTI","GEN","A. THIRUVENKIDASAMY","INC",29091,2,45.14
"Madras",1967,132,"SEDAPATTI","GEN","V.T.THEVAR","SWA",41167,1,63.84
"Madras",1967,132,"SEDAPATTI","GEN","T. A. NADAR","INC",21553,2,33.42
"Madras",1967,132,"SEDAPATTI","GEN","I. CHINNAPAN","IND",915,3,1.42
"Madras",1967,132,"SEDAPATTI","GEN","S.V. REDDIAR","IND",471,4,0.73
"Madras",1967,132,"SEDAPATTI","GEN","R. PERIYAKARUPPAN","IND",377,5,0.58
"Madras",1967,133,"THIRUMANGALAM","GEN","N.S.V. CHITHAN","INC",20319,1,33.58
"Madras",1967,133,"THIRUMANGALAM","GEN","M.P. RAJAN","SWA",17062,2,28.2
"Madras",1967,133,"THIRUMANGALAM","GEN","KAMALAM","IND",13890,3,22.96
"Madras",1967,133,"THIRUMANGALAM","GEN","PETHINAYACKER","IND",6246,4,10.32
"Madras",1967,133,"THIRUMANGALAM","GEN","M.C.S. ARUMUGAM","IND",2986,5,4.94
"Madras",1967,134,"USILAMPATTI","GEN","P.K.M. THEVAR","FBL",44714,1,72.11
"Madras",1967,134,"USILAMPATTI","GEN","A.M.N. THEVAR","INC",16225,2,26.17
"Madras",1967,134,"USILAMPATTI","GEN","A. YOUGARAJU","IND",1065,3,1.72
"Madras",1967,135,"NILAKOTTAI","SC","A. MUNIYANDI","DMK",37601,1,57.71
"Madras",1967,135,"NILAKOTTAI","SC","A.S.PONNAMMAL","INC",25115,2,38.55
"Madras",1967,135,"NILAKOTTAI","SC","M.PAULSAMY","IND",1297,3,1.99
"Madras",1967,135,"NILAKOTTAI","SC","M.MUTHUPERRIYASAMI","IND",576,4,0.88
"Madras",1967,135,"NILAKOTTAI","SC","C.S.MADARI","IND",562,5,0.86
"Madras",1967,136,"SHOLAVANDAN","GEN","P.S.MANIYAN","DMK",45221,1,60.19
"Madras",1967,136,"SHOLAVANDAN","GEN","R.S.SERVAI","INC",28728,2,38.24
"Madras",1967,136,"SHOLAVANDAN","GEN","M.CHIDAMBARAM","IND",1178,3,1.57
"Madras",1967,137,"THIRUPPARANKUNDRAM","GEN","S.AGNIRAJU","DMK",49169,1,63.94
"Madras",1967,137,"THIRUPPARANKUNDRAM","GEN","S.SONAIMUTHU","INC",26792,2,34.84
"Madras",1967,137,"THIRUPPARANKUNDRAM","GEN","D.V.RAGHAVAN","BJS",942,3,1.22
"Madras",1967,138,"MADURAI WEST","GEN","N. SANKARAIAH","CPM",46882,1,59.42
"Madras",1967,138,"MADURAI WEST","GEN","M. CHELLIAH","INC",23012,2,29.17
"Madras",1967,138,"MADURAI WEST","GEN","K.T.K. THANGAMANI","CPI",9005,3,11.41
"Madras",1967,139,"MADURAI CENTRAL","GEN","C.GOVINDARAJAN","DMK",39566,1,62.86
"Madras",1967,139,"MADURAI CENTRAL","GEN","V.SANKARAN","INC",22787,2,36.2
"Madras",1967,139,"MADURAI CENTRAL","GEN","P.PERIASAM","BJS",592,3,0.94
"Madras",1967,140,"MADURAI EAST","GEN","K.P.JANAKIAMMAL","CPM",32173,1,50.32
"Madras",1967,140,"MADURAI EAST","GEN","A.G.SUBBURAMAN","INC",23929,2,37.43
"Madras",1967,140,"MADURAI EAST","GEN","R.V. SESHACHARI","BJS",7396,3,11.57
"Madras",1967,140,"MADURAI EAST","GEN","NALLENTHIRAKONAR","IND",224,4,0.35
"Madras",1967,140,"MADURAI EAST","GEN","T.N.GOPALACHARI","IND",214,5,0.33
"Madras",1967,141,"MELUR SOUTH","SC","O.P.RAMAN","DMK",50913,1,63.41
"Madras",1967,141,"MELUR SOUTH","SC","P.KAKKAN","INC",29376,2,36.59
"Madras",1967,142,"MELUR NORTH","GEN","P.MALAICHAMY","DMK",38895,1,56.15
"Madras",1967,142,"MELUR NORTH","GEN","M.A. AMBALAM","INC",30376,2,43.85
"Madras",1967,143,"VADAMADURAI","GEN","P.T. NAICKER","INC",30507,1,49.11
"Madras",1967,143,"VADAMADURAI","GEN","V.S. LAKSHMANAN","DMK",28651,2,46.13
"Madras",1967,143,"VADAMADURAI","GEN","S.P. PILLAI","IND",1656,3,2.67
"Madras",1967,143,"VADAMADURAI","GEN","K.A. GOUNDER","IND",1301,4,2.09
"Madras",1967,144,"DINDIGUL","GEN","A.BALASUBRAMANAYAM","CPM",42381,1,58.93
"Madras",1967,144,"DINDIGUL","GEN","O.C.PILLAI","INC",29537,2,41.07
"Madras",1967,145,"ATHOOR","GEN","V.S.S.MANICHETTIAR","DMK",37879,1,50.7
"Madras",1967,145,"ATHOOR","GEN","R.R.REDDIAR","INC",36124,2,48.36
"Madras",1967,145,"ATHOOR","GEN","P.V.THEVAR","IND",702,3,0.94
"Madras",1967,146,"VEDASANDUR","GEN","N.VARADARAJ","CPM",30063,1,48.16
"Madras",1967,146,"VEDASANDUR","GEN","S.N.RAO","INC",29372,2,47.05
"Madras",1967,146,"VEDASANDUR","GEN","T.P.GOWDER","IND",1912,3,3.06
"Madras",1967,146,"VEDASANDUR","GEN","M.M.RAMASAMY","IND",1079,4,1.73
"Madras",1967,147,"ARAVAKURICHI","GEN","S.K.GOUNDER","SWA",46614,1,67.46
"Madras",1967,147,"ARAVAKURICHI","GEN","V.P.GOUNDER","INC",22482,2,32.54
"Madras",1967,148,"KARUR","GEN","T.M.NALLASWAMY","INC",33552,1,44.95
"Madras",1967,148,"KARUR","GEN","S.NALLASWAMY","CPM",28677,2,38.42
"Madras",1967,148,"KARUR","GEN","K.S.RAMASAMY","CPI",11846,3,15.87
"Madras",1967,148,"KARUR","GEN","V.K.VELSAMY","IND",573,4,0.77
"Madras",1967,149,"THOTTIYAM","GEN","VADIVEL","DMK",39701,1,53.94
"Madras",1967,149,"THOTTIYAM","GEN","T.VEERAPPAN","INC",29670,2,40.31
"Madras",1967,149,"THOTTIYAM","GEN","R.P.REDDIAR","IND",3173,3,4.31
"Madras",1967,149,"THOTTIYAM","GEN","K.KANDASAMY","IND",1064,4,1.45
"Madras",1967,150,"MUSIRI","GEN","MUTHUSELVAN","DMK",32615,1,51.48
"Madras",1967,150,"MUSIRI","GEN","K.V.K.REDDIAR","INC",27750,2,43.8
"Madras",1967,150,"MUSIRI","GEN","RAJAN","IND",1589,3,2.51
"Madras",1967,150,"MUSIRI","GEN","R.PARTHASARTHI","BJS",737,4,1.16
"Madras",1967,150,"MUSIRI","GEN","P.S.GOVINDAN","IND",662,5,1.04
"Madras",1967,151,"UPPILIAPURAM","GEN","T.P.ALAGAMUTHU","DMK",43453,1,56.29
"Madras",1967,151,"UPPILIAPURAM","GEN","A.V.MUDALIAR","INC",31416,2,40.69
"Madras",1967,151,"UPPILIAPURAM","GEN","P.CHINNASAMY","IND",2330,3,3.02
"Madras",1967,152,"PERAMBALUR","SC","J.S.RASU","DMK",33657,1,51.03
"Madras",1967,152,"PERAMBALUR","SC","M.AYYAKANNU","INC",28864,2,43.76
"Madras",1967,152,"PERAMBALUR","SC","T.KALIYAPERUMAL","IND",1978,3,3
"Madras",1967,152,"PERAMBALUR","SC","S.KANDASAMY","IND",1088,4,1.65
"Madras",1967,152,"PERAMBALUR","SC","M.PALANIMUTHU","IND",372,5,0.56
"Madras",1967,153,"VARAHUR","GEN","R.NARAYANAN","DMK",32846,1,49.64
"Madras",1967,153,"VARAHUR","GEN","M.V.PERUMAL","INC",20533,2,31.03
"Madras",1967,153,"VARAHUR","GEN","R.UDAYAR","IND",9230,3,13.95
"Madras",1967,153,"VARAHUR","GEN","PALANIMUTHU","IND",2173,4,3.28
"Madras",1967,153,"VARAHUR","GEN","KRISHNAN","IND",1387,5,2.1
"Madras",1967,154,"ANDIMADAM","GEN","K.N.RAMCHANDRAN","DMK",32253,1,48.25
"Madras",1967,154,"ANDIMADAM","GEN","M.S.T.PANDAYACHI","INC",26570,2,39.75
"Madras",1967,154,"ANDIMADAM","GEN","A.S.KURUKKAL","IND",8023,3,12
"Madras",1967,155,"JAYANKONDAM","SC","K.A.A.K.MOORTHY","DMK",34751,1,52.57
"Madras",1967,155,"JAYANKONDAM","SC","S.RAMASAMI","INC",28791,2,43.56
"Madras",1967,155,"JAYANKONDAM","SC","RATHINAM","IND",1607,3,2.43
"Madras",1967,155,"JAYANKONDAM","SC","K. NAYATHAN","IND",951,4,1.44
"Madras",1967,156,"ARIYALUR","GEN","R.KARUPPIAM","INC",26440,1,37.37
"Madras",1967,156,"ARIYALUR","GEN","G.SEPPERUMAL","DMK",25017,2,35.36
"Madras",1967,156,"ARIYALUR","GEN","S.RAMASAMI","IND",19294,3,27.27
"Madras",1967,157,"LALGUDI","GEN","D.NATARAJAN","DMK",37352,1,50.63
"Madras",1967,157,"LALGUDI","GEN","D.R.UDAIYAR","INC",34712,2,47.05
"Madras",1967,157,"LALGUDI","GEN","R.RAMADOSS","IND",841,3,1.14
"Madras",1967,157,"LALGUDI","GEN","S.IRUDAYANESAN","IND",568,4,0.77
"Madras",1967,157,"LALGUDI","GEN","S.AYINRAJU","IND",303,5,0.41
"Madras",1967,158,"SRIRANGAM","SC","S.RAMALINGAM","INC",34474,1,50.48
"Madras",1967,158,"SRIRANGAM","SC","M.ARUNA","DMK",33356,2,48.84
"Madras",1967,158,"SRIRANGAM","SC","A.KALIMUTHU","IND",463,3,0.68
"Madras",1967,159,"TIRUCHIRAPPALLI I","GEN","M.S.MANI","DMK",34504,1,52.07
"Madras",1967,159,"TIRUCHIRAPPALLI I","GEN","A.S.G.L.PILIAI","INC",31199,2,47.08
"Madras",1967,159,"TIRUCHIRAPPALLI I","GEN","V.RENGARASAN","BJS",562,3,0.85
"Madras",1967,160,"TIRUCHIRAPPALLI I I","GEN","R.NAGASUNDARAM","DMK",26048,1,46.08
"Madras",1967,160,"TIRUCHIRAPPALLI I I","GEN","M.K.M.A.SALAM","INC",18842,2,33.33
"Madras",1967,160,"TIRUCHIRAPPALLI I I","GEN","M.KALYANASUNDARAM","CPI",11638,3,20.59
"Madras",1967,161,"THIRUVARAMBUR","GEN","V.SWAMINATHAN","INC",33513,1,50.15
"Madras",1967,161,"THIRUVARAMBUR","GEN","K.KAMAKSHI","DMK",28884,2,43.22
"Madras",1967,161,"THIRUVARAMBUR","GEN","A.VELAYUTHAM","CPI",4428,3,6.63
"Madras",1967,162,"KULITALAI","GEN","M.KANDASWAMY","DMK",36120,1,49.68
"Madras",1967,162,"KULITALAI","GEN","P.E.S.REDDIAR","INC",32305,2,44.43
"Madras",1967,162,"KULITALAI","GEN","R.KARUPPAIAH","CPI",3949,3,5.43
"Madras",1967,162,"KULITALAI","GEN","PILLAI","IND",336,4,0.46
"Madras",1967,163,"KRISHNARAJAPURAM","SC","P.SOUNDARAPANDIAN","DMK",28444,1,48.72
"Madras",1967,163,"KRISHNARAJAPURAM","SC","T.V.SANNASI","INC",25903,2,44.37
"Madras",1967,163,"KRISHNARAJAPURAM","SC","P.PALANIYANDI","IND",2873,3,4.92
"Madras",1967,163,"KRISHNARAJAPURAM","SC","P.MOOKAN","IND",776,4,1.33
"Madras",1967,163,"KRISHNARAJAPURAM","SC","A.RAYAR","IND",385,5,0.66
"Madras",1967,164,"KADAVUR","GEN","K.K.MUTHIAH","INC",35102,1,54.94
"Madras",1967,164,"KADAVUR","GEN","A.P.DHARMALINGAM","DMK",28788,2,45.06
"Madras",1967,165,"VIRALIMALAI","GEN","S.S.THETHUVANDAR","DMK",30288,1,49.63
"Madras",1967,165,"VIRALIMALAI","GEN","P.P.GOUNDER","INC",26354,2,43.19
"Madras",1967,165,"VIRALIMALAI","GEN","A.PERUMAL","IND",2054,3,3.37
"Madras",1967,165,"VIRALIMALAI","GEN","M.C.GOUNDER","IND",1539,4,2.52
"Madras",1967,165,"VIRALIMALAI","GEN","A.M.ALI","IND",787,5,1.29
"Madras",1967,166,"THIRUMAYAM","GEN","PONNAMBALAM","DMK",44511,1,62.79
"Madras",1967,166,"THIRUMAYAM","GEN","V.RAMIAH","INC",24290,2,34.26
"Madras",1967,166,"THIRUMAYAM","GEN","V.SOMASUNDARAM","IND",2088,3,2.95
"Madras",1967,167,"ALANGUDI","GEN","K.V. SUBBIAH","DMK",32984,1,50.64
"Madras",1967,167,"ALANGUDI","GEN","T.A.S.THANGAVELU","INC",32148,2,49.36
"Madras",1967,168,"PUDUKKOTTAI","GEN","R.V.THONDAIMAN","INC",45342,1,62.07
"Madras",1967,168,"PUDUKKOTTAI","GEN","THIAGARAJAN","DMK",25255,2,34.57
"Madras",1967,168,"PUDUKKOTTAI","GEN","RENGASAMY","CPI",2458,3,3.36
"Madras",1967,169,"THIRUVAIYARU","GEN","G.M.SETHURAR","DMK",37693,1,51.94
"Madras",1967,169,"THIRUVAIYARU","GEN","K.B.PALANI","INC",34165,2,47.08
"Madras",1967,169,"THIRUVAIYARU","GEN","R.THANGAIYAN","IND",713,3,0.98
"Madras",1967,170,"THANJAVUR","GEN","P.NADAR","INC",33228,1,53.36
"Madras",1967,170,"THANJAVUR","GEN","S.NATARAJAN","DMK",28717,2,46.12
"Madras",1967,170,"THANJAVUR","GEN","V.S.SUBRAMANIAN","BJS",324,3,0.52
"Madras",1967,171,"PAPANASAM","GEN","R.S.MOOPPANAR","INC",41323,1,56.57
"Madras",1967,171,"PAPANASAM","GEN","A.M.SALI","IND",31077,2,42.54
"Madras",1967,171,"PAPANASAM","GEN","K.J.A.SAMATH","IND",647,3,0.89
"Madras",1967,172,"VALANGIMAN","SC","N.SOMASUNDARAM","DMK",34436,1,53.1
"Madras",1967,172,"VALANGIMAN","SC","R.SUBRAMANIAM","INC",30418,2,46.9
"Madras",1967,173,"KUMBAKONAM","GEN","N.KASIRAMAN","INC",37276,1,50.63
"Madras",1967,173,"KUMBAKONAM","GEN","K.S.MANI","DMK",36083,2,49.01
"Madras",1967,173,"KUMBAKONAM","GEN","M.L.RAMAMOORTHY","IND",268,3,0.36
"Madras",1967,174,"ADUTHURAI","GEN","A.MARIMUTHU","INC",36537,1,48.52
"Madras",1967,174,"ADUTHURAI","GEN","M.G.MANI","DMK",31965,2,42.45
"Madras",1967,174,"ADUTHURAI","GEN","A.M.GOVINDARAJAN","CPI",5353,3,7.11
"Madras",1967,174,"ADUTHURAI","GEN","K.GOVINMDARASAN","IND",975,4,1.29
"Madras",1967,174,"ADUTHURAI","GEN","K.MANIAN","IND",474,5,0.63
"Madras",1967,175,"SIRKALI","SC","K.B.S.MANI","IND",34316,1,58.23
"Madras",1967,175,"SIRKALI","SC","R.THANGAVELU","INC",21502,2,36.48
"Madras",1967,175,"SIRKALI","SC","P.MUNIAN","IND",3116,3,5.29
"Madras",1967,176,"SEMBANARKOIL","GEN","S.GANESAN","DMK",40453,1,65.29
"Madras",1967,176,"SEMBANARKOIL","GEN","S.RAMALINGAM","INC",21506,2,34.71
"Madras",1967,177,"MAYURAM","GEN","N.KITTAPPA","DMK",33721,1,51.21
"Madras",1967,177,"MAYURAM","GEN","G.N.NAIDU","INC",30379,2,46.14
"Madras",1967,177,"MAYURAM","GEN","LAKSHMANAN","IND",938,3,1.42
"Madras",1967,177,"MAYURAM","GEN","P.BALAKRISHNAN","IND",807,4,1.23
"Madras",1967,178,"KUTTALAM","GEN","G.B.MOHAN","CPM",31548,1,53.99
"Madras",1967,178,"KUTTALAM","GEN","M.SIVAKADAKSHAM","INC",24812,2,42.47
"Madras",1967,178,"KUTTALAM","GEN","N.SUBBAIH","IND",1243,3,2.13
"Madras",1967,178,"KUTTALAM","GEN","A.B.J.SHARMA","IND",825,4,1.41
"Madras",1967,179,"KODAVASAL","GEN","C.KRISHNAMOORTHI","DMK",34880,1,54.96
"Madras",1967,179,"KODAVASAL","GEN","M.D.T.PILLAI","INC",28585,2,45.04
"Madras",1967,180,"NANNILAM","SC","P.JAYARAJ","INC",26053,1,46.36
"Madras",1967,180,"NANNILAM","SC","T.P.RAMACHANDRAN","CPM",19571,2,34.83
"Madras",1967,180,"NANNILAM","SC","P.APPASAMI","CPI",10568,3,18.81
"Madras",1967,181,"THIRUVARUR","SC","DHANUSHKODI","CPM",30510,1,48.04
"Madras",1967,181,"THIRUVARUR","SC","VEDAIYAN","INC",27956,2,44.02
"Madras",1967,181,"THIRUVARUR","SC","S.VADIVEL","CPI",5040,3,7.94
"Madras",1967,182,"NAGAPATTINAM","GEN","K.R.GNANASAMBANDAN","CPM",36596,1,56.4
"Madras",1967,182,"NAGAPATTINAM","GEN","R.R.V.NAIDU","INC",26462,2,40.78
"Madras",1967,182,"NAGAPATTINAM","GEN","V.MAHALINGAM","CPI",1428,3,2.2
"Madras",1967,182,"NAGAPATTINAM","GEN","THANDAPANI","IND",406,4,0.63
"Madras",1967,183,"VEDARANYAM","GEN","P.V.THEVAR","INC",25942,1,38.71
"Madras",1967,183,"VEDARANYAM","GEN","M.MEENAKSHISUNDARAM","DMK",25678,2,38.32
"Madras",1967,183,"VEDARANYAM","GEN","M.V.GOWNDAR","IND",9812,3,14.64
"Madras",1967,183,"VEDARANYAM","GEN","S.S.PILLAI","CPI",5584,4,8.33
"Madras",1967,184,"THIRUTHURAIPUNDI","GEN","N.DHARUMALINGAM","DMK",23728,1,38.04
"Madras",1967,184,"THIRUTHURAIPUNDI","GEN","K.C.MANALI","CPI",22226,2,35.63
"Madras",1967,184,"THIRUTHURAIPUNDI","GEN","S.R.PILLAI","INC",16424,3,26.33
"Madras",1967,185,"KOTTUR","SC","A.K.SUBBAIH","CPI",28156,1,42.47
"Madras",1967,185,"KOTTUR","SC","C.M.AMBIKAPATHY","INC",22627,2,34.13
"Madras",1967,185,"KOTTUR","SC","A.K.GANESAN","CPM",15515,3,23.4
"Madras",1967,186,"MANNARGUDI","GEN","T.S.S.OOAYAR","INC",32481,1,50.1
"Madras",1967,186,"MANNARGUDI","GEN","S.NARAYANASWAMY","DMK",31558,2,48.67
"Madras",1967,186,"MANNARGUDI","GEN","O.R.B.THEVAR","IND",797,3,1.23
"Madras",1967,187,"ORATHANAD","GEN","L.GANESAN","DMK",45232,1,60.82
"Madras",1967,187,"ORATHANAD","GEN","M.D.PILLAI","INC",29139,2,39.18
"Madras",1967,188,"GANDARVAKOTTAI","GEN","R.R.DURAI","INC",34665,1,52.68
"Madras",1967,188,"GANDARVAKOTTAI","GEN","D.G.KALINGARAR","DMK",30434,2,46.25
"Madras",1967,188,"GANDARVAKOTTAI","GEN","N.R.KONAR","IND",706,3,1.07
"Madras",1967,189,"PATTUKKOTTAI","GEN","A.R.MARIMUTHU","PSP",35198,1,54.6
"Madras",1967,189,"PATTUKKOTTAI","GEN","N.RAMASAMY","INC",28056,2,43.52
"Madras",1967,189,"PATTUKKOTTAI","GEN","M.P.VAITHIANATHAN","IND",1217,3,1.89
"Madras",1967,190,"PERAURANI","GEN","M.KRISHNAMURTHY","DMK",35505,1,45.4
"Madras",1967,190,"PERAURANI","GEN","A.V.SERVAI","INC",26387,2,33.74
"Madras",1967,190,"PERAURANI","GEN","M.MASILAMANI","CPI",15792,3,20.19
"Madras",1967,190,"PERAURANI","GEN","I.ARUKANDU","IND",515,4,0.66
"Madras",1967,191,"ARANTANGI","GEN","A.THURAIRASAN","DMK",42943,1,53.11
"Madras",1967,191,"ARANTANGI","GEN","K.B.DERVAIKARAR","INC",36522,2,45.17
"Madras",1967,191,"ARANTANGI","GEN","A.PERIANAYAGAM","IND",1388,3,1.72
"Madras",1967,192,"TIRUPPATTUR","GEN","S.MADHAVAN","DMK",40170,1,58.73
"Madras",1967,192,"TIRUPPATTUR","GEN","V.S.S.CHETTIAR","INC",26532,2,38.79
"Madras",1967,192,"TIRUPPATTUR","GEN","A.S.PILLAI","IND",1698,3,2.48
"Madras",1967,193,"KARAIKUDY","GEN","S.MEIYAPPAN","SWA",38310,1,58.73
"Madras",1967,193,"KARAIKUDY","GEN","C.V.C.V.V.CHETTIAR","INC",21992,2,33.71
"Madras",1967,193,"KARAIKUDY","GEN","R.H.NATHAN","CPI",4928,3,7.55
"Madras",1967,194,"TIRUVADANAI","GEN","K.AMBALAM","SWA",37556,1,52.21
"Madras",1967,194,"TIRUVADANAI","GEN","M.ARUNACHALAM","INC",33587,2,46.69
"Madras",1967,194,"TIRUVADANAI","GEN","D.L.NAGASUNDARAM","IND",792,3,1.1
"Madras",1967,195,"ILAYANGUDI","GEN","V.MALAIKANNAN","DMK",40461,1,57.44
"Madras",1967,195,"ILAYANGUDI","GEN","S.RAMACHANDRAN","INC",29978,2,42.56
"Madras",1967,196,"RAMANATHAPURAM","GEN","T.THANGAPPAN","DMK",35880,1,56.82
"Madras",1967,196,"RAMANATHAPURAM","GEN","S.R.SETHUPATHY","INC",27270,2,43.18
"Madras",1967,197,"KADALADI","SC","M.ALANGARAM","DMK",38681,1,61.5
"Madras",1967,197,"KADALADI","SC","K.PARAMALAI","INC",20556,2,32.68
"Madras",1967,197,"KADALADI","SC","M.PANDI","IND",3662,3,5.82
"Madras",1967,198,"MUDUKULATHUR","GEN","R.R.THEVAR","SWA",33790,1,53.17
"Madras",1967,198,"MUDUKULATHUR","GEN","S.A.SERVAI","INC",22500,2,35.4
"Madras",1967,198,"MUDUKULATHUR","GEN","P.DEVANESAN","IND",3768,3,5.93
"Madras",1967,198,"MUDUKULATHUR","GEN","T.D.THEVAR","IND",3495,4,5.5
"Madras",1967,199,"PARAMAKUDI","SC","T.K.SIRAIMEETAN","DMK",40428,1,56.67
"Madras",1967,199,"PARAMAKUDI","SC","R.THAVASI","INC",25962,2,36.39
"Madras",1967,199,"PARAMAKUDI","SC","PASUMALAI","CPI",3391,3,4.75
"Madras",1967,199,"PARAMAKUDI","SC","K.MUTHURAKKU","BJS",675,4,0.95
"Madras",1967,199,"PARAMAKUDI","SC","P.KAPUPPIAH","IND",649,5,0.91
"Madras",1967,199,"PARAMAKUDI","SC","BALACHANDRAN","IND",239,6,0.33
"Madras",1967,200,"SIVAGANGA","GEN","S.SETHURAMAN","DMK",41604,1,59.22
"Madras",1967,200,"SIVAGANGA","GEN","R.V.SWAMINATHAN","INC",28654,2,40.78
"Madras",1967,201,"MANAMADURAI","GEN","K.CHEEMAICHAMY","SWA",30752,1,44.42
"Madras",1967,201,"MANAMADURAI","GEN","C.B.RENA","INC",30299,2,43.77
"Madras",1967,201,"MANAMADURAI","GEN","M.ATHIMOOLAM","CPI",8176,3,11.81
"Madras",1967,202,"KARIAPATTI","GEN","A.R.PERUMAL","SWA",28484,1,45.09
"Madras",1967,202,"KARIAPATTI","GEN","P.M.BASKARAN","INC",27366,2,43.32
"Madras",1967,202,"KARIAPATTI","GEN","K.K.THEVAR","IND",7316,3,11.58
"Madras",1967,203,"ARUPPUKOTTAI","GEN","S.S.BHARATHI","SWA",34153,1,54.68
"Madras",1967,203,"ARUPPUKOTTAI","GEN","T.K.SUNDARM","INC",25012,2,40.04
"Madras",1967,203,"ARUPPUKOTTAI","GEN","A.A.NAICKER","IND",984,3,1.58
"Madras",1967,203,"ARUPPUKOTTAI","GEN","S.RAMADOSS","IND",851,4,1.36
"Madras",1967,203,"ARUPPUKOTTAI","GEN","A.SUNDARARAJAN","IND",633,5,1.01
"Madras",1967,203,"ARUPPUKOTTAI","GEN","T.SUBRAMANIAM","IND",480,6,0.77
"Madras",1967,203,"ARUPPUKOTTAI","GEN","T.MUTHUCHAMY","IND",352,7,0.56
"Madras",1967,204,"VIRUDUNAGAR","GEN","P.SEENIVASAN","DMK",33421,1,49.9
"Madras",1967,204,"VIRUDUNAGAR","GEN","K.KAMARAJ","INC",32136,2,47.98
"Madras",1967,204,"VIRUDUNAGAR","GEN","R.PERIAKARUPPAN","IND",838,3,1.25
"Madras",1967,204,"VIRUDUNAGAR","GEN","K.P.NADAR","IND",579,4,0.86
"Madras",1967,205,"SATTUR","GEN","S.R.NAIDU","SWA",45223,1,64.11
"Madras",1967,205,"SATTUR","GEN","R.K.NAIDU","INC",25313,2,35.89
"Madras",1967,206,"SIVAKASI","GEN","S.A.THEVAR","SWA",38416,1,55.73
"Madras",1967,206,"SIVAKASI","GEN","R.R.THEVAR","INC",26918,2,39.05
"Madras",1967,206,"SIVAKASI","GEN","V.CHINNIAH","IND",2402,3,3.48
"Madras",1967,206,"SIVAKASI","GEN","P.NAGARATHINAM","IND",1200,4,1.74
"Madras",1967,207,"SRIVILLIPUTHUR","SC","K.A.A.GURUSAMY","DMK",36732,1,53.34
"Madras",1967,207,"SRIVILLIPUTHUR","SC","S.P.DHARMARAJ","INC",27791,2,40.36
"Madras",1967,207,"SRIVILLIPUTHUR","SC","K.PALIYAN","CPI",4339,3,6.3
"Madras",1967,208,"RAJAPALAYAM","GEN","A.A.S.RAJA","IND",38936,1,53.29
"Madras",1967,208,"RAJAPALAYAM","GEN","P.A.A.RAJA","INC",25675,2,35.14
"Madras",1967,208,"RAJAPALAYAM","GEN","T.NADAR","CPM",8224,3,11.26
"Madras",1967,208,"RAJAPALAYAM","GEN","RAMALINGAM","IND",231,4,0.32
"Madras",1967,209,"VILATHIKULAM","GEN","M.RATHINASABAPATHY","DMK",23905,1,37.47
"Madras",1967,209,"VILATHIKULAM","GEN","M.P.S.REDDIAR","IND",20350,2,31.9
"Madras",1967,209,"VILATHIKULAM","GEN","A.L.R.NAICKER","INC",19540,3,30.63
"Madras",1967,210,"KOILPATTI","GEN","S.ALAGIRISAMY","CPI",33311,1,55.02
"Madras",1967,210,"KOILPATTI","GEN","V.O.C.A.PILLAI","INC",22885,2,37.8
"Madras",1967,210,"KOILPATTI","GEN","R.K.THEVAR","IND",3709,3,6.13
"Madras",1967,210,"KOILPATTI","GEN","R.CHAIRMAN","IND",641,4,1.06
"Madras",1967,211,"OTTAPIDARAM","SC","M.MUTHIAH","SWA",25937,1,45.45
"Madras",1967,211,"OTTAPIDARAM","SC","S.DHANUSHKODI","INC",20814,2,36.47
"Madras",1967,211,"OTTAPIDARAM","SC","S.NATARAJAN","IND",10321,3,18.08
"Madras",1967,212,"SANKARANKOIL","SC","P.DURAIRAJ","DMK",37173,1,62.79
"Madras",1967,212,"SANKARANKOIL","SC","P.URKAVALAN","INC",19211,2,32.45
"Madras",1967,212,"SANKARANKOIL","SC","V.K.MADASWAMY","IND",1482,3,2.5
"Madras",1967,212,"SANKARANKOIL","SC","K.CHELLIAH","IND",1336,4,2.26
"Madras",1967,213,"VASUDEVANALLUR","GEN","A.VELLADURAI","DMK",33865,1,50.24
"Madras",1967,213,"VASUDEVANALLUR","GEN","M.P.SWAMY","INC",26885,2,39.89
"Madras",1967,213,"VASUDEVANALLUR","GEN","K.C.THEVAR","CPI",6653,3,9.87
"Madras",1967,214,"KADAYANALLUR","GEN","A.R.S.MUDALIAR","IND",36349,1,49.89
"Madras",1967,214,"KADAYANALLUR","GEN","S.M.A.MAJID","INC",35903,2,49.28
"Madras",1967,214,"KADAYANALLUR","GEN","S.R.NAICKER","BJS",603,3,0.83
"Madras",1967,215,"TENKASI","GEN","I.A.C.PILLAI","INC",34561,1,49.86
"Madras",1967,215,"TENKASI","GEN","K.M.K.SAMSUDIN","DMK",33818,2,48.79
"Madras",1967,215,"TENKASI","GEN","M.PITCHAI","IND",939,3,1.35
"Madras",1967,216,"ALANGULAM","GEN","V.ARUNACHALAM","DMK",33509,1,51.26
"Madras",1967,216,"ALANGULAM","GEN","A.B.BALAGAN","INC",30938,2,47.32
"Madras",1967,216,"ALANGULAM","GEN","M.ROYAPPAN","IND",930,3,1.42
"Madras",1967,217,"AMBASAMUDRAM","GEN","G.G.S.DIKSHIDAR","INC",30682,1,46.35
"Madras",1967,217,"AMBASAMUDRAM","GEN","A.NALLASIVAN","CPM",28169,2,42.55
"Madras",1967,217,"AMBASAMUDRAM","GEN","R.NALLAKANNU","CPI",7345,3,11.1
"Madras",1967,218,"CHERANMAHADEVI","GEN","D.S.AUTHIMOOLAM","SWA",36206,1,53.78
"Madras",1967,218,"CHERANMAHADEVI","GEN","S.CHELLAPANDIAN","INC",29831,2,44.31
"Madras",1967,218,"CHERANMAHADEVI","GEN","N.HARIHARAN","IND",840,3,1.25
"Madras",1967,218,"CHERANMAHADEVI","GEN","P.ANNAMALAI","IND",445,4,0.66
"Madras",1967,219,"GANGAIKODAN","SC","A.KARUPPIAH","DMK",34797,1,59.59
"Madras",1967,219,"GANGAIKODAN","SC","M.CHELLAPPA","INC",21576,2,36.95
"Madras",1967,219,"GANGAIKODAN","SC","P.PARASESI","IND",1029,3,1.76
"Madras",1967,219,"GANGAIKODAN","SC","N.RAMAN","IND",602,4,1.03
"Madras",1967,219,"GANGAIKODAN","SC","M.RMASWAMY","IND",389,5,0.67
"Madras",1967,220,"TIRUNELVELI","GEN","A.L.SUBRAMANIAN","DMK",41589,1,61.74
"Madras",1967,220,"TIRUNELVELI","GEN","M.S.M.PILLAI","INC",25364,2,37.65
"Madras",1967,220,"TIRUNELVELI","GEN","M.K.R.IYENGER","IND",409,3,0.61
"Madras",1967,221,"MELAPALAYAM","GEN","M.M.P.MOHAMMED","IND",36123,1,55.04
"Madras",1967,221,"MELAPALAYAM","GEN","S.R.REDDIAR","INC",27999,2,42.66
"Madras",1967,221,"MELAPALAYAM","GEN","P.PERIASAMY","IND",1508,3,2.3
"Madras",1967,222,"SRIVAIKUNTAR","GEN","ADITANAR","DMK",41828,1,62.57
"Madras",1967,222,"SRIVAIKUNTAR","GEN","R.NADAR","INC",22767,2,34.06
"Madras",1967,222,"SRIVAIKUNTAR","GEN","K.KONE","IND",852,3,1.27
"Madras",1967,222,"SRIVAIKUNTAR","GEN","PERUMAL","IND",656,4,0.98
"Madras",1967,222,"SRIVAIKUNTAR","GEN","M.NADAR","IND",330,5,0.49
"Madras",1967,222,"SRIVAIKUNTAR","GEN","P.THEVAR","IND",272,6,0.41
"Madras",1967,222,"SRIVAIKUNTAR","GEN","P.PILLAI","IND",143,7,0.21
"Madras",1967,223,"TUTICORIN","GEN","M.S.SIVASAMI","DMK",41851,1,60.61
"Madras",1967,223,"TUTICORIN","GEN","S.P.NADAR","INC",27193,2,39.39
"Madras",1967,224,"TIRUCHENDUR","GEN","E.FERNANDO","DMK",39619,1,56.06
"Madras",1967,224,"TIRUCHENDUR","GEN","S.NADAR","INC",28971,2,40.99
"Madras",1967,224,"TIRUCHENDUR","GEN","SUNDARAM","IND",1390,3,1.97
"Madras",1967,224,"TIRUCHENDUR","GEN","A.A.M.S.HAMEED","IND",691,4,0.98
"Madras",1967,225,"SATTANGULAM","GEN","MARTIN","INC",31143,1,52.51
"Madras",1967,225,"SATTANGULAM","GEN","ADITHAN","DMK",26846,2,45.27
"Madras",1967,225,"SATTANGULAM","GEN","S.POOVALINGAM","CPM",1317,3,2.22
"Madras",1967,226,"NANGUNERI","GEN","N.DURAIPANDIAN","INC",33269,1,53.34
"Madras",1967,226,"NANGUNERI","GEN","T.G.NADAR","DMK",29097,2,46.66
"Madras",1967,227,"RADHAPURAM","GEN","N.SOUNDARAPANDIAN","INC",31588,1,50.44
"Madras",1967,227,"RADHAPURAM","GEN","V.KARTHEESAN","DMK",31040,2,49.56
"Madras",1967,228,"KANYAKURMARI","GEN","B.M.PILLAI","INC",37998,1,56.89
"Madras",1967,228,"KANYAKURMARI","GEN","S.M.PILLAI","SWA",28260,2,42.31
"Madras",1967,228,"KANYAKURMARI","GEN","P.POOMONEY","IND",537,3,0.8
"Madras",1967,229,"NAGERCOIL","GEN","M.C.BALAN","DMK",36502,1,55.05
"Madras",1967,229,"NAGERCOIL","GEN","T.NADAR","INC",29810,2,44.95
"Madras",1967,230,"COLACHEL","GEN","A.C.NADER","INC",29325,1,48.37
"Madras",1967,230,"COLACHEL","GEN","S.RETNARAJ","SWA",27879,2,45.99
"Madras",1967,230,"COLACHEL","GEN","Y.DEVADASON","IND",2887,3,4.76
"Madras",1967,230,"COLACHEL","GEN","L.LOUIS","IND",532,4,0.88
"Madras",1967,231,"PADMANABHAPURAM","GEN","V.GEORGE","INC",24661,1,46.06
"Madras",1967,231,"PADMANABHAPURAM","GEN","M.M.ALI","CPM",17738,2,33.13
"Madras",1967,231,"PADMANABHAPURAM","GEN","J.NESAMONY","SWA",6247,3,11.67
"Madras",1967,231,"PADMANABHAPURAM","GEN","A.K.NADAR","IND",4895,4,9.14
"Madras",1967,232,"THIRUVATTAR","GEN","J.JAMES","INC",29345,1,54.47
"Madras",1967,232,"THIRUVATTAR","GEN","D.GNANASINGAMONI","CPM",21253,2,39.45
"Madras",1967,232,"THIRUVATTAR","GEN","P.THOBIAS","IND",3277,3,6.08
"Madras",1967,233,"VILAVANCODE","GEN","R.P.NADAR","INC",27511,1,56.19
"Madras",1967,233,"VILAVANCODE","GEN","P.M.N.PILLAI","IND",16184,2,33.05
"Madras",1967,233,"VILAVANCODE","GEN","S.PADMANABHAN","SWA",4297,3,8.78
"Madras",1967,233,"VILAVANCODE","GEN","G.ELIAS","IND",969,4,1.98
"Madras",1967,234,"KILLIYOOR","GEN","WILLIAM","INC",21423,1,42.4
"Madras",1967,234,"KILLIYOOR","GEN","PANIADIMAI","SWA",15767,2,31.2
"Madras",1967,234,"KILLIYOOR","GEN","RUSSELRAJC","IND",11887,3,23.53
"Madras",1967,234,"KILLIYOOR","GEN","GABRIEL","IND",1451,4,2.87
