"State_name","Year","AC_no","Cand","Sex","Party","Votes","Age","Caste","Position"
"Goa_Daman_&_Diu",1967,1,"K . B . LAXMAN","M","MAG",4499,NA,NA,1
"Goa_Daman_&_Diu",1967,1,"B . DESPRABHU","M","IND",2181,NA,NA,2
"Goa_Daman_&_Diu",1967,1,"P . O . S . GOVIND","M","UGS",346,NA,NA,3
"Goa_Daman_&_Diu",1967,1,"D . S . GOVINDRAO","M","PSP",169,NA,NA,4
"Goa_Daman_&_Diu",1967,1,"P . D . N . YESHWANT","M","IND",146,NA,NA,5
"Goa_Daman_&_Diu",1967,1,"N . D . S . JAGANNATH","M","IND",89,NA,NA,6
"Goa_Daman_&_Diu",1967,1,"T . N . SWAR","M","IND",26,NA,NA,7
"Goa_Daman_&_Diu",1967,1,"B . K . VINAYAK","M","IND",24,NA,NA,8
"Goa_Daman_&_Diu",1967,2,"A . J . DSOUZA","M","MAG",6907,NA,NA,1
"Goa_Daman_&_Diu",1967,2,"K . M . VINAYAK","M","UGS",1540,NA,NA,2
"Goa_Daman_&_Diu",1967,2,"G . N . MUKUND","M","IND",445,NA,NA,3
"Goa_Daman_&_Diu",1967,2,"M . H . NAIK","M","IND",176,NA,NA,4
"Goa_Daman_&_Diu",1967,2,"S . R . BHISU","M","IND",155,NA,NA,5
"Goa_Daman_&_Diu",1967,2,"A . N . WAMAN","M","IND",148,NA,NA,6
"Goa_Daman_&_Diu",1967,2,"P . D . Y . LAXMAN","M","IND",127,NA,NA,7
"Goa_Daman_&_Diu",1967,2,"M . CHAVAN","M","IND",79,NA,NA,8
"Goa_Daman_&_Diu",1967,2,"D . S . WAMAN","M","IND",41,NA,NA,9
"Goa_Daman_&_Diu",1967,2,"V . M . KAMULKAR","M","IND",22,NA,NA,10
"Goa_Daman_&_Diu",1967,3,"A . P . PANDURANG","M","MAG",5175,NA,NA,1
"Goa_Daman_&_Diu",1967,3,"D . ZEFERINO","M","UGS",4556,NA,NA,2
"Goa_Daman_&_Diu",1967,3,"S . P . PURUSHOTTAM","M","IND",354,NA,NA,3
"Goa_Daman_&_Diu",1967,3,"C . K . NARAYAN","M","IND",132,NA,NA,4
"Goa_Daman_&_Diu",1967,3,"D . A . PRABHU","M","IND",50,NA,NA,5
"Goa_Daman_&_Diu",1967,3,"J . F . SANTAN","M","IND",12,NA,NA,6
"Goa_Daman_&_Diu",1967,4,"S . VALENTE","M","UGS",6329,NA,NA,1
"Goa_Daman_&_Diu",1967,4,"M . R . DHARMA","M","MAG",4633,NA,NA,2
"Goa_Daman_&_Diu",1967,4,"V . S . SOUZA","M","UGF",246,NA,NA,3
"Goa_Daman_&_Diu",1967,4,"M . A . FERNANDES","M","IND",182,NA,NA,4
"Goa_Daman_&_Diu",1967,4,"F . A . DOMINGOS","M","IND",137,NA,NA,5
"Goa_Daman_&_Diu",1967,4,"S . I . ERNESTO","M","IND",68,NA,NA,6
"Goa_Daman_&_Diu",1967,4,"J . N . PINTO","M","IND",54,NA,NA,7
"Goa_Daman_&_Diu",1967,4,"M .S . KADAM","M","IND",8,NA,NA,8
"Goa_Daman_&_Diu",1967,5,"L . S . O . FERNANDO","M","UGS",6084,NA,NA,1
"Goa_Daman_&_Diu",1967,5,"M . N . PANDHARINATH","M","MAG",3969,NA,NA,2
"Goa_Daman_&_Diu",1967,5,"L .D . C. NICOLAV","M","IND",177,NA,NA,3
"Goa_Daman_&_Diu",1967,5,"C . J . JOAO","M","IND",168,NA,NA,4
"Goa_Daman_&_Diu",1967,5,"A . M . DSILVA","M","IND",94,NA,NA,5
"Goa_Daman_&_Diu",1967,5,"S . A . SHIVA","M","IND",35,NA,NA,6
"Goa_Daman_&_Diu",1967,6,"M . G . GOVIND","M","MAG",5476,NA,NA,1
"Goa_Daman_&_Diu",1967,6,"K . T . MANGESH","M","UGS",4040,NA,NA,2
"Goa_Daman_&_Diu",1967,6,"S . V . PANDURANG","M","IND",411,NA,NA,3
"Goa_Daman_&_Diu",1967,6,"M . T . BRAGANZA","M","IND",253,NA,NA,4
"Goa_Daman_&_Diu",1967,6,"A . J . PIEDADE","M","IND",151,NA,NA,5
"Goa_Daman_&_Diu",1967,6,"D . K . DATTARAM","M","IND",46,NA,NA,6
"Goa_Daman_&_Diu",1967,6,"N . K . YESHWANT","M","IND",25,NA,NA,7
"Goa_Daman_&_Diu",1967,6,"J . V . GORE","M","IND",14,NA,NA,8
"Goa_Daman_&_Diu",1967,7,"J . RANE","M","MAG",4761,NA,NA,1
"Goa_Daman_&_Diu",1967,7,"N . NARAYANANANT","M","UGS",1794,NA,NA,2
"Goa_Daman_&_Diu",1967,7,"B . MAHADEV","M","IND",869,NA,NA,3
"Goa_Daman_&_Diu",1967,7,"S . M . WALHEKAR","M","PSP",172,NA,NA,4
"Goa_Daman_&_Diu",1967,7,"L . F . ALBINO","M","IND",119,NA,NA,5
"Goa_Daman_&_Diu",1967,7,"D . Z . P . MARIAND","M","IND",34,NA,NA,6
"Goa_Daman_&_Diu",1967,7,"P . S . NAGESH","M","IND",23,NA,NA,7
"Goa_Daman_&_Diu",1967,8,"C . D . KESHAV","M","MAG",5565,NA,NA,1
"Goa_Daman_&_Diu",1967,8,"S . S . SAKHARAM","M","IND",1149,NA,NA,2
"Goa_Daman_&_Diu",1967,8,"P . G . M . GANGARAM","M","IND",444,NA,NA,3
"Goa_Daman_&_Diu",1967,8,"DA . SHIVAJI","M","UGS",365,NA,NA,4
"Goa_Daman_&_Diu",1967,8,"P . S . DEU","M","PSP",255,NA,NA,5
"Goa_Daman_&_Diu",1967,8,"M . A . DHAKTOO","M","IND",242,NA,NA,6
"Goa_Daman_&_Diu",1967,8,"P . G . BABI","M","IND",127,NA,NA,7
"Goa_Daman_&_Diu",1967,8,"V . R . R . SARDESAI","M","MAG",119,NA,NA,8
"Goa_Daman_&_Diu",1967,8,"F . P . PEDRO","M","IND",30,NA,NA,9
"Goa_Daman_&_Diu",1967,8,"D . S . P . DESAI","M","IND",15,NA,NA,10
"Goa_Daman_&_Diu",1967,9,"A . K . S . USGAONKAR","M","MAG",5671,NA,NA,1
"Goa_Daman_&_Diu",1967,9,"S . U . P . KRISHNA","M","IND",1961,NA,NA,2
"Goa_Daman_&_Diu",1967,9,"M . CIRIACO","M","UGS",736,NA,NA,3
"Goa_Daman_&_Diu",1967,9,"D . S . GOVINDRAD","M","PSP",209,NA,NA,4
"Goa_Daman_&_Diu",1967,9,"G . VAZ","M","IND",89,NA,NA,5
"Goa_Daman_&_Diu",1967,9,"P . S . SJIVBA","M","IND",46,NA,NA,6
"Goa_Daman_&_Diu",1967,10,"K . G . APPA","M","MAG",2962,NA,NA,1
"Goa_Daman_&_Diu",1967,10,"D . B . HIROJIRAO","M","IND",1068,NA,NA,2
"Goa_Daman_&_Diu",1967,10,"S . DATTARAM","M","UGS",751,NA,NA,3
"Goa_Daman_&_Diu",1967,10,"G . D . SHIROOKAR","M","IND",572,NA,NA,4
"Goa_Daman_&_Diu",1967,10,"T . A . KRISHNA","M","IND",530,NA,NA,5
"Goa_Daman_&_Diu",1967,10,"R . J . VYANKATRAO","M","PSP",449,NA,NA,6
"Goa_Daman_&_Diu",1967,10,"K . RANE","M","IND",424,NA,NA,7
"Goa_Daman_&_Diu",1967,10,"D . S . MAHADEO","M","IND",378,NA,NA,8
"Goa_Daman_&_Diu",1967,10,"A . A . DAWOOD","M","IND",184,NA,NA,9
"Goa_Daman_&_Diu",1967,10,"S . M . BORDEKAR","M","IND",50,NA,NA,10
"Goa_Daman_&_Diu",1967,10,"T . K . P . SHANU","M","IND",29,NA,NA,11
"Goa_Daman_&_Diu",1967,11,"Y . S . DESAI","M","UGS",3846,NA,NA,1
"Goa_Daman_&_Diu",1967,11,"T . M . UPENDRA","M","MAG",3776,NA,NA,2
"Goa_Daman_&_Diu",1967,11,"M . P . JAGANNATH","M","IND",1051,NA,NA,3
"Goa_Daman_&_Diu",1967,11,"K . S . RANU","M","IND",138,NA,NA,4
"Goa_Daman_&_Diu",1967,11,"P . C . HARI","M","IND",96,NA,NA,5
"Goa_Daman_&_Diu",1967,11,"L . V . NARAYAN","M","IND",73,NA,NA,6
"Goa_Daman_&_Diu",1967,11,"NATHURMAL","M","IND",38,NA,NA,7
"Goa_Daman_&_Diu",1967,11,"C . R . NAIK","M","IND",14,NA,NA,8
"Goa_Daman_&_Diu",1967,11,"N . V . BABLO","M","IND",4,NA,NA,9
"Goa_Daman_&_Diu",1967,11,"A . B . DIAS","M","IND",1,NA,NA,10
"Goa_Daman_&_Diu",1967,12,"S . J . DE","M","UGS",7087,NA,NA,1
"Goa_Daman_&_Diu",1967,12,"J . L . C . ARAUJO","M","UGF",4045,NA,NA,2
"Goa_Daman_&_Diu",1967,12,"V . V . S . DUKLE","M","IND",358,NA,NA,3
"Goa_Daman_&_Diu",1967,12,"F . P . J . VICENTE","M","IND",128,NA,NA,4
"Goa_Daman_&_Diu",1967,12,"A . AFONSO","M","MAG",121,NA,NA,5
"Goa_Daman_&_Diu",1967,12,"S . S . NAGOJI","M","IND",75,NA,NA,6
"Goa_Daman_&_Diu",1967,12,"F . G . XAVIER","M","IND",9,NA,NA,7
"Goa_Daman_&_Diu",1967,13,"P . T . FRANCISCO","M","UGS",5656,NA,NA,1
"Goa_Daman_&_Diu",1967,13,"M . A . SANTANA","M","MAG",3466,NA,NA,2
"Goa_Daman_&_Diu",1967,13,"V . FERANANDES","M","IND",348,NA,NA,3
"Goa_Daman_&_Diu",1967,13,"J . C . FERNANDES","M","IND",308,NA,NA,4
"Goa_Daman_&_Diu",1967,13,"J . M . COTA","M","IND",31,NA,NA,5
"Goa_Daman_&_Diu",1967,13,"F . G . XAVIER","M","IND",22,NA,NA,6
"Goa_Daman_&_Diu",1967,13,"Y . M . KARAPURKAR","M","IND",10,NA,NA,7
"Goa_Daman_&_Diu",1967,14,"B . P . SHRINIVAS","M","MAG",5296,NA,NA,1
"Goa_Daman_&_Diu",1967,14,"J . T . TIMOTIO","M","UGS",3355,NA,NA,2
"Goa_Daman_&_Diu",1967,14,"C . V . DHARMA","M","IND",462,NA,NA,3
"Goa_Daman_&_Diu",1967,14,"F . J . DAMACIAND","M","IND",258,NA,NA,4
"Goa_Daman_&_Diu",1967,14,"N . N . HARI","M","IND",79,NA,NA,5
"Goa_Daman_&_Diu",1967,14,"C . N . SHAMBA","M","IND",71,NA,NA,6
"Goa_Daman_&_Diu",1967,14,"D . C . M . ABREU","M","IND",71,NA,NA,7
"Goa_Daman_&_Diu",1967,14,"M . P . SHIRODKAR","M","IND",47,NA,NA,8
"Goa_Daman_&_Diu",1967,14,"C . FURTADO","M","IND",37,NA,NA,9
"Goa_Daman_&_Diu",1967,14,"N . A . GUSTAVO","M","IND",11,NA,NA,10
"Goa_Daman_&_Diu",1967,15,"B . D . BALKRISHNA","M","MAG",7800,NA,NA,1
"Goa_Daman_&_Diu",1967,15,"K . T . PUNDLIK","M","UGS",423,NA,NA,2
"Goa_Daman_&_Diu",1967,15,"T . N . PANDURANG","M","IND",98,NA,NA,3
"Goa_Daman_&_Diu",1967,15,"K . M . KESHAV","M","IND",71,NA,NA,4
"Goa_Daman_&_Diu",1967,15,"M . S . LAXIMAN","M","IND",50,NA,NA,5
"Goa_Daman_&_Diu",1967,16,"K . S . GURUDATT","F","MAG",7144,NA,NA,1
"Goa_Daman_&_Diu",1967,16,"K .S . DATTATRAY","M","UGS",1567,NA,NA,2
"Goa_Daman_&_Diu",1967,16,"T . D . PURUSHOTAM","M","IND",266,NA,NA,3
"Goa_Daman_&_Diu",1967,16,"R . G . GOPINATH","M","PSP",152,NA,NA,4
"Goa_Daman_&_Diu",1967,16,"N . G . B . JOTKAR","M","IND",127,NA,NA,5
"Goa_Daman_&_Diu",1967,16,"S . M . PUDMHANABHA","M","IND",63,NA,NA,6
"Goa_Daman_&_Diu",1967,17,"K . V . SUBRAI","M","MAG",4571,NA,NA,1
"Goa_Daman_&_Diu",1967,17,"J . F . S . FERNANDES","M","UGS",1294,NA,NA,2
"Goa_Daman_&_Diu",1967,17,"D . R . MADHAVRAO","M","IND",940,NA,NA,3
"Goa_Daman_&_Diu",1967,17,"N . J . PUTU","M","IND",877,NA,NA,4
"Goa_Daman_&_Diu",1967,17,"T . D . SRINIVAS","M","IND",390,NA,NA,5
"Goa_Daman_&_Diu",1967,17,"P . C . LOLI","M","IND",280,NA,NA,6
"Goa_Daman_&_Diu",1967,17,"A . SOUSA","M","IND",144,NA,NA,7
"Goa_Daman_&_Diu",1967,17,"L . A . AM","M","IND",90,NA,NA,8
"Goa_Daman_&_Diu",1967,17,"S . R . YESHWANT","M","IND",38,NA,NA,9
"Goa_Daman_&_Diu",1967,18,"M . V . DATTA","M","MAG",4646,NA,NA,1
"Goa_Daman_&_Diu",1967,18,"S . H . A . LATHIF","M","UGS",2785,NA,NA,2
"Goa_Daman_&_Diu",1967,18,"P . D .D . RAGHUNATH","M","IND",210,NA,NA,3
"Goa_Daman_&_Diu",1967,18,"N . S . NILU","M","IND",177,NA,NA,4
"Goa_Daman_&_Diu",1967,18,"N . V . HARICHANDRA","M","IND",40,NA,NA,5
"Goa_Daman_&_Diu",1967,18,"T . D. VENKTESH","M","IND",36,NA,NA,6
"Goa_Daman_&_Diu",1967,19,"N . G . M . BALKRISHNA","M","MAG",5126,NA,NA,1
"Goa_Daman_&_Diu",1967,19,"M . R . DESAI","M","UGS",2141,NA,NA,2
"Goa_Daman_&_Diu",1967,19,"D . J . VISNUM","M","IND",758,NA,NA,3
"Goa_Daman_&_Diu",1967,19,"M . H . KAMAT","M","IND",410,NA,NA,4
"Goa_Daman_&_Diu",1967,19,"H . R . PRABHU","M","IND",126,NA,NA,5
"Goa_Daman_&_Diu",1967,19,"N . B . GAUNKAR","M","IND",109,NA,NA,6
"Goa_Daman_&_Diu",1967,19,"R . V . KALE","M","IND",26,NA,NA,7
"Goa_Daman_&_Diu",1967,20,"S . K . DESAI","M","MAG",2955,NA,NA,1
"Goa_Daman_&_Diu",1967,20,"D . S . YESHVANT","M","UGS",1734,NA,NA,2
"Goa_Daman_&_Diu",1967,20,"N . H . DESAI","M","IND",587,NA,NA,3
"Goa_Daman_&_Diu",1967,20,"D . D . SHABA","M","IND",555,NA,NA,4
"Goa_Daman_&_Diu",1967,20,"D . S . BABNI","M","IND",359,NA,NA,5
"Goa_Daman_&_Diu",1967,20,"S . A . ABILIO","M","IND",143,NA,NA,6
"Goa_Daman_&_Diu",1967,20,"V . R . PADIYAR","M","IND",143,NA,NA,7
"Goa_Daman_&_Diu",1967,20,"K . B . DESAI","M","IND",95,NA,NA,8
"Goa_Daman_&_Diu",1967,20,"D . D . DEU","M","IND",68,NA,NA,9
"Goa_Daman_&_Diu",1967,20,"C . FURTADO","M","IND",18,NA,NA,10
"Goa_Daman_&_Diu",1967,21,"A . RAZAK","M","UGS",3657,NA,NA,1
"Goa_Daman_&_Diu",1967,21,"N . X . G . DESAI","M","MAG",3519,NA,NA,2
"Goa_Daman_&_Diu",1967,21,"F . S . TONY","M","IND",658,NA,NA,3
"Goa_Daman_&_Diu",1967,21,"S . D . RAMNATH","M","IND",340,NA,NA,4
"Goa_Daman_&_Diu",1967,21,"D . A . MAHABLU","M","IND",143,NA,NA,5
"Goa_Daman_&_Diu",1967,21,"P . M . PEDRO","M","IND",141,NA,NA,6
"Goa_Daman_&_Diu",1967,21,"P . D . L . DATTU","M","IND",78,NA,NA,7
"Goa_Daman_&_Diu",1967,22,"F . R . S . A . JOAO","M","UGS",3774,NA,NA,1
"Goa_Daman_&_Diu",1967,22,"K . M . JAIWANT","M","MAG",1720,NA,NA,2
"Goa_Daman_&_Diu",1967,22,"A . ALMEIDA","M","UGF",1162,NA,NA,3
"Goa_Daman_&_Diu",1967,22,"J . J . FURTADO","M","IND",1020,NA,NA,4
"Goa_Daman_&_Diu",1967,22,"L . P . TIMOTIO","M","IND",837,NA,NA,5
"Goa_Daman_&_Diu",1967,22,"F . G . RODOLFO","M","IND",101,NA,NA,6
"Goa_Daman_&_Diu",1967,22,"P . GERS","M","IND",38,NA,NA,7
"Goa_Daman_&_Diu",1967,23,"M . E . JOSE","M","UGS",6528,NA,NA,1
"Goa_Daman_&_Diu",1967,23,"C . F . CLODOMIRO","M","IND",1008,NA,NA,2
"Goa_Daman_&_Diu",1967,23,"L . LEITAO","M","UGF",964,NA,NA,3
"Goa_Daman_&_Diu",1967,23,"S . BHANDARI","M","IND",121,NA,NA,4
"Goa_Daman_&_Diu",1967,23,"C . J . F . TIAGO","M","IND",105,NA,NA,5
"Goa_Daman_&_Diu",1967,23,"M . F . ANTONIO","M","IND",33,NA,NA,6
"Goa_Daman_&_Diu",1967,24,"V . L . MAURICIO","M","UGS",6546,NA,NA,1
"Goa_Daman_&_Diu",1967,24,"D . P . SANTANO","M","MAG",2831,NA,NA,2
"Goa_Daman_&_Diu",1967,24,"A . D . L . FURTADO","M","UGF",1264,NA,NA,3
"Goa_Daman_&_Diu",1967,24,"E . DIAS","M","IND",221,NA,NA,4
"Goa_Daman_&_Diu",1967,24,"P . R . V . J . LOURENCO","M","IND",107,NA,NA,5
"Goa_Daman_&_Diu",1967,24,"B . E . LILY","M","IND",32,NA,NA,6
"Goa_Daman_&_Diu",1967,25,"N . A . NARCINVA","M","UGS",4905,NA,NA,1
"Goa_Daman_&_Diu",1967,25,"S . V . PURSHOTAM","M","MAG",2832,NA,NA,2
"Goa_Daman_&_Diu",1967,25,"P . PINTO","M","IND",368,NA,NA,3
"Goa_Daman_&_Diu",1967,25,"D . T . RAFAEL","M","IND",133,NA,NA,4
"Goa_Daman_&_Diu",1967,25,"C . A . PUNDOLIKA","M","IND",94,NA,NA,5
"Goa_Daman_&_Diu",1967,25,"B . G . YESHVANT","M","IND",68,NA,NA,6
"Goa_Daman_&_Diu",1967,25,"M . N . JAVERBEAI","M","IND",61,NA,NA,7
"Goa_Daman_&_Diu",1967,25,"S . BHANDARI","M","IND",8,NA,NA,8
"Goa_Daman_&_Diu",1967,25,"S . U . SHANKAR","M","IND",4,NA,NA,9
"Goa_Daman_&_Diu",1967,26,"B . R . JOAQUIM","M","UGS",8778,NA,NA,1
"Goa_Daman_&_Diu",1967,26,"C . A . M . JOSE","M","IND",556,NA,NA,2
"Goa_Daman_&_Diu",1967,26,"C . J . JOAO","M","IND",337,NA,NA,3
"Goa_Daman_&_Diu",1967,26,"E . PIMENTA","M","UGF",200,NA,NA,4
"Goa_Daman_&_Diu",1967,26,"L . J . H . ANTONA","M","IND",183,NA,NA,5
"Goa_Daman_&_Diu",1967,26,"A . R . ESTIBEIRO","M","IND",107,NA,NA,6
"Goa_Daman_&_Diu",1967,27,"L . P . BARBOSA","M","UGS",6977,NA,NA,1
"Goa_Daman_&_Diu",1967,27,"L . C . CARVALHO","M","IND",1662,NA,NA,2
"Goa_Daman_&_Diu",1967,27,"B . S . REBELLO","M","IND",289,NA,NA,3
"Goa_Daman_&_Diu",1967,27,"G . B . JOAO","M","IND",130,NA,NA,4
"Goa_Daman_&_Diu",1967,28,"G . PATIL","M","MAG",5570,NA,NA,1
"Goa_Daman_&_Diu",1967,28,"M . R . MANUEL","M","UGS",3932,NA,NA,2
"Goa_Daman_&_Diu",1967,28,"F . MACHADO","M","IND",960,NA,NA,3
"Goa_Daman_&_Diu",1967,28,"D . DESHPANDE","M","IND",661,NA,NA,4
"Goa_Daman_&_Diu",1967,28,"G . PEREIRA","M","IND",463,NA,NA,5
"Goa_Daman_&_Diu",1967,28,"A . TANDEL","M","PSP",220,NA,NA,6
"Goa_Daman_&_Diu",1967,28,"P . P . HARI","M","IND",70,NA,NA,7
"Goa_Daman_&_Diu",1967,28,"V . S . LOTLIKAR","M","IND",62,NA,NA,8
"Goa_Daman_&_Diu",1967,28,"K . K . NARAYAN","M","IND",54,NA,NA,9
"Goa_Daman_&_Diu",1967,28,"D . M . F . IGNATIUS","M","IND",49,NA,NA,10
"Goa_Daman_&_Diu",1967,28,"B . K . SAHADEO","M","IND",40,NA,NA,11
"Goa_Daman_&_Diu",1967,29,"M . M . BHATHALA","M","IND",2775,NA,NA,1
"Goa_Daman_&_Diu",1967,29,"B . O . PANDYA","M","UGS",2544,NA,NA,2
"Goa_Daman_&_Diu",1967,29,"M . R . DESAI","M","IND",2394,NA,NA,3
"Goa_Daman_&_Diu",1967,29,"G . R . MHAWLA","M","IND",1007,NA,NA,4
"Goa_Daman_&_Diu",1967,29,"K . B . BAROT","M","IND",622,NA,NA,5
"Goa_Daman_&_Diu",1967,29,"S . M . BHATT","M","IND",72,NA,NA,6
"Goa_Daman_&_Diu",1967,30,"F . N . SRINIVASSA","M","IND",1552,NA,NA,1
"Goa_Daman_&_Diu",1967,30,"A . R . HADMAT","M","IND",1501,NA,NA,2
"Goa_Daman_&_Diu",1967,30,"J . M . RAVJI","M","IND",1479,NA,NA,3
"Goa_Daman_&_Diu",1967,30,"B . R . BHIKHABHAI","M","PSP",1407,NA,NA,4
"Goa_Daman_&_Diu",1967,30,"P . R . DEVSHANKER","M","UGS",356,NA,NA,5
"Goa_Daman_&_Diu",1967,30,"K . V . SAKAR","M","IND",142,NA,NA,6
"Goa_Daman_&_Diu",1967,30,"B . L . JETHA","M","IND",138,NA,NA,7
"Goa_Daman_&_Diu",1972,1,"RANE JAISINGRAO ABASAHEB","M","MAG",5477,NA,NA,1
"Goa_Daman_&_Diu",1972,1,"DESHPRABHU RAGHUNATHRAO","M","INC",2828,NA,NA,2
"Goa_Daman_&_Diu",1972,1,"GAD SHRIKANT KRISHNA","M","NMG",190,NA,NA,3
"Goa_Daman_&_Diu",1972,1,"S. R. PRABHU DESAI","M","UGS",151,NA,NA,4
"Goa_Daman_&_Diu",1972,1,"RAU GOPINATH VAMAN","M","CPM",116,NA,NA,5
"Goa_Daman_&_Diu",1972,1,"KOTAR BABLO PANDURANG","M","IND",74,NA,NA,6
"Goa_Daman_&_Diu",1972,1,"SHIVNATH BABURAO VALKE","M","BJS",47,NA,NA,7
"Goa_Daman_&_Diu",1972,2,"B. B. BALKRISHNA","M","MAG",8254,NA,NA,1
"Goa_Daman_&_Diu",1972,2,"KAMULKAR VIJAY MARUTI","M","INC",2006,NA,NA,2
"Goa_Daman_&_Diu",1972,2,"D. KUNHA S. KARIDADE","M","UGS",863,NA,NA,3
"Goa_Daman_&_Diu",1972,2,"WADOHI BABLO LAXMAN","M","NMG",195,NA,NA,4
"Goa_Daman_&_Diu",1972,3,"C. CHANDRAKANT UTTOM","M","MAG",5638,NA,NA,1
"Goa_Daman_&_Diu",1972,3,"S. SOUZAW A. TITO FERMINA","M","UGS",4789,NA,NA,2
"Goa_Daman_&_Diu",1972,3,"GAJANAND RAYU NAIK","M","IND",387,NA,NA,3
"Goa_Daman_&_Diu",1972,3,"ROCKY FRANCIS LEO DIAS","M","IND",117,NA,NA,4
"Goa_Daman_&_Diu",1972,3,"CHANDRAKANT N. PARULEKAR","M","NMG",44,NA,NA,5
"Goa_Daman_&_Diu",1972,4,"JAGDISH BHUJANG RAO","M","UGS",6032,NA,NA,1
"Goa_Daman_&_Diu",1972,4,"D. CRUZ ANTHONY MANUEL","M","MAG",5425,NA,NA,2
"Goa_Daman_&_Diu",1972,4,"FERNANDES S. LOIOLO","M","IND",366,NA,NA,3
"Goa_Daman_&_Diu",1972,5,"SOUSA SILVERIO JOSE","M","UGS",5733,NA,NA,1
"Goa_Daman_&_Diu",1972,5,"SILVER ANACLETO MARIAND","M","IND",1953,NA,NA,2
"Goa_Daman_&_Diu",1972,5,"MENDES ISIDORO JOSE","M","IND",1264,NA,NA,3
"Goa_Daman_&_Diu",1972,6,"PANKAR RAGHUVIR SHANU","M","MAG",5718,NA,NA,1
"Goa_Daman_&_Diu",1972,6,"N. S. PANDURANG","M","UGS",3532,NA,NA,2
"Goa_Daman_&_Diu",1972,6,"AMONKAR SURESH GUNDO","M","INC",1939,NA,NA,3
"Goa_Daman_&_Diu",1972,6,"R. D. MAYENKAR","M","NMG",424,NA,NA,4
"Goa_Daman_&_Diu",1972,6,"D. SOUZA J. B. C. MINGUEL","M","IND",63,NA,NA,5
"Goa_Daman_&_Diu",1972,7,"ACHREKAR PUNAJI PANDURANG","M","MAG",5390,NA,NA,1
"Goa_Daman_&_Diu",1972,7,"GOPAL GOVIND MAYEKAR","M","INC",2361,NA,NA,2
"Goa_Daman_&_Diu",1972,7,"PRABHU R. PURUSHOTTAM","M","UGS",1457,NA,NA,3
"Goa_Daman_&_Diu",1972,7,"GAD MADHUKAR SAKHARAM","M","BJS",142,NA,NA,4
"Goa_Daman_&_Diu",1972,8,"K. S. GURUDUTTA","M","MAG",6589,NA,NA,1
"Goa_Daman_&_Diu",1972,8,"S. RAMESH NARAYAN","M","INC",2393,NA,NA,2
"Goa_Daman_&_Diu",1972,8,"CHOPDEKAR DATTARAM KESHAV","M","NMG",678,NA,NA,3
"Goa_Daman_&_Diu",1972,8,"VAZ GEORGE","M","CPM",189,NA,NA,4
"Goa_Daman_&_Diu",1972,8,"SHIVAJIRAO G. DESAI","M","SOP",126,NA,NA,5
"Goa_Daman_&_Diu",1972,8,"DUBHASHI SHIVAJI RAVAJI","M","UGS",97,NA,NA,6
"Goa_Daman_&_Diu",1972,9,"S. U. A. KASHINATH","M","MAG",4885,NA,NA,1
"Goa_Daman_&_Diu",1972,9,"S. U. PRABHAKAR KRISHNA","M","INC",2706,NA,NA,2
"Goa_Daman_&_Diu",1972,9,"KRISHNANATH BABURAO NAIK","M","NMG",1441,NA,NA,3
"Goa_Daman_&_Diu",1972,9,"ALPHRISI ALPHRAID ANTON","M","SOP",511,NA,NA,4
"Goa_Daman_&_Diu",1972,10,"R. S. P. RAOJI","M","MAG",5005,NA,NA,1
"Goa_Daman_&_Diu",1972,10,"RANE JAISINGRAO VENKATRAO","M","SOP",2322,NA,NA,2
"Goa_Daman_&_Diu",1972,10,"KAMAT GOPAL APA","M","INC",1170,NA,NA,3
"Goa_Daman_&_Diu",1972,10,"S. D. RAMCHANDRA","M","UGS",661,NA,NA,4
"Goa_Daman_&_Diu",1972,10,"K. V. JANARDAN","M","NMG",245,NA,NA,5
"Goa_Daman_&_Diu",1972,10,"JOSHI LAXIMAN VISHNU","M","BJS",200,NA,NA,6
"Goa_Daman_&_Diu",1972,10,"JOSHI CHANDRAKANT GOVIND","M","IND",57,NA,NA,7
"Goa_Daman_&_Diu",1972,11,"NAIK BABANA","M","MAG",3983,NA,NA,1
"Goa_Daman_&_Diu",1972,11,"DESAI YESHWANT SITARAM","M","UGS",3758,NA,NA,2
"Goa_Daman_&_Diu",1972,11,"S. E. H. ALEIXO","M","INC",1580,NA,NA,3
"Goa_Daman_&_Diu",1972,12,"SEQUEIRA JACK DF ERASMO","M","UGS",6586,NA,NA,1
"Goa_Daman_&_Diu",1972,12,"FERNANDES M. F. DIOGO","M","IND",4483,NA,NA,2
"Goa_Daman_&_Diu",1972,12,"PALEKAR VINAYAK VITHAL","M","CPM",383,NA,NA,3
"Goa_Daman_&_Diu",1972,13,"P. T. FRANCISCO PAULO","M","UGS",5335,NA,NA,1
"Goa_Daman_&_Diu",1972,13,"MELO AGOSTTINHO SANTANA","M","MAG",3969,NA,NA,2
"Goa_Daman_&_Diu",1972,13,"LAWANDEE V. NARAYAN","M","INC",1205,NA,NA,3
"Goa_Daman_&_Diu",1972,13,"A. J. LUIS G. PEDRO","M","IND",68,NA,NA,4
"Goa_Daman_&_Diu",1972,14,"CHODANKAR VINAYAK DHARMA","M","MAG",5956,NA,NA,1
"Goa_Daman_&_Diu",1972,14,"P. P. DESAI SHRIKANT GOVIND","M","UGS",3530,NA,NA,2
"Goa_Daman_&_Diu",1972,14,"PRIOLKAR PRAFULL VAIKUNT","M","INC",934,NA,NA,3
"Goa_Daman_&_Diu",1972,14,"WAMAN RADHAKRISHNA","M","NMG",353,NA,NA,4
"Goa_Daman_&_Diu",1972,14,"MUKUND MARTU SHET","M","IND",157,NA,NA,5
"Goa_Daman_&_Diu",1972,15,"BANDODKAR KRISHNA RAGHU","M","MAG",7020,NA,NA,1
"Goa_Daman_&_Diu",1972,15,"KERKAR CHANDRAKANT VIJAYA","M","NMG",1858,NA,NA,2
"Goa_Daman_&_Diu",1972,15,"K. D. PANDARINATH JANARDHAN","M","IND",131,NA,NA,3
"Goa_Daman_&_Diu",1972,15,"CANCONKAR KRISHNA GANESH","M","IND",86,NA,NA,4
"Goa_Daman_&_Diu",1972,16,"R. DASS H NAIK","M","MAG",6052,NA,NA,1
"Goa_Daman_&_Diu",1972,16,"VISHWANATH YESHWANT NAIK","M","NMG",2259,NA,NA,2
"Goa_Daman_&_Diu",1972,16,"R YESHVANTA LAXIMAN PAI","M","UGS",1152,NA,NA,3
"Goa_Daman_&_Diu",1972,16,"GHANEKAR J HIRA NATH","M","INC",784,NA,NA,4
"Goa_Daman_&_Diu",1972,16,"SAVANT GUIRI VENCTESH","M","BJS",107,NA,NA,5
"Goa_Daman_&_Diu",1972,16,"SINCRE JAGANATH","M","IND",26,NA,NA,6
"Goa_Daman_&_Diu",1972,17,"JAYAKRISHNA PUTU NAIK","M","MAG",5908,NA,NA,1
"Goa_Daman_&_Diu",1972,17,"TENDOLKAR N NARAHARI","M","UGS",1425,NA,NA,2
"Goa_Daman_&_Diu",1972,17,"SULOCHANA RAMAKANTA","M","INC",1234,NA,NA,3
"Goa_Daman_&_Diu",1972,17,"GAUNKAR JIVU BHAGDO","M","NMG",937,NA,NA,4
"Goa_Daman_&_Diu",1972,17,"NAIK GOPINATH BABUSSO","M","BJS",174,NA,NA,5
"Goa_Daman_&_Diu",1972,17,"FERNANDES ANGELO PEDRO","M","IND",126,NA,NA,6
"Goa_Daman_&_Diu",1972,18,"MORAJKER VASSUDEU DATTA","M","MAG",4580,NA,NA,1
"Goa_Daman_&_Diu",1972,18,"K. DEVIDAS PANDURANG","M","INC",1989,NA,NA,2
"Goa_Daman_&_Diu",1972,18,"NADKARNI DATTU","M","UGS",1613,NA,NA,3
"Goa_Daman_&_Diu",1972,18,"KASHINATH YESHWANT NAIK","M","NMG",551,NA,NA,4
"Goa_Daman_&_Diu",1972,18,"P. DESSAI SHRIRANGA POTU","M","BJS",121,NA,NA,5
"Goa_Daman_&_Diu",1972,19,"GANABA BHAGDU DESAI","M","MAG",5874,NA,NA,1
"Goa_Daman_&_Diu",1972,19,"P.D. SHRIRANG PADMANABA","M","UGS",3441,NA,NA,2
"Goa_Daman_&_Diu",1972,19,"G. MONJU BALKRISHNA NAIK","M","NMG",1294,NA,NA,3
"Goa_Daman_&_Diu",1972,20,"KUTTIKAR DHULO CHIMLO","M","MAG",3406,NA,NA,1
"Goa_Daman_&_Diu",1972,20,"DESSAI MOLU GANBA","M","UGS",2815,NA,NA,2
"Goa_Daman_&_Diu",1972,20,"D.E.F. SHANKAR YESSO","M","NMG",796,NA,NA,3
"Goa_Daman_&_Diu",1972,20,"F RAFAELS SILVESTRE","M","IND",249,NA,NA,4
"Goa_Daman_&_Diu",1972,20,"GAUDO NAGUESH RAGOBA","M","IND",112,NA,NA,5
"Goa_Daman_&_Diu",1972,21,"PRABHU DESSAI ANIL HARI","M","MAG",4055,NA,NA,1
"Goa_Daman_&_Diu",1972,21,"KARMALI B. GOPINATH","M","UGS",2965,NA,NA,2
"Goa_Daman_&_Diu",1972,21,"COTA CARVALHO I","M","INC",2123,NA,NA,3
"Goa_Daman_&_Diu",1972,21,"JASWANT GANESH NAIK","M","IND",218,NA,NA,4
"Goa_Daman_&_Diu",1972,21,"M.T.D AQUIND","M","IND",78,NA,NA,5
"Goa_Daman_&_Diu",1972,21,"PEREIRA JOAO PEDRO JOAO","M","CPM",61,NA,NA,6
"Goa_Daman_&_Diu",1972,21,"M JOSE JOAO MIGUEL","M","IND",60,NA,NA,7
"Goa_Daman_&_Diu",1972,22,"FERNANDES R SANTANO JOAO","M","UGS",5337,NA,NA,1
"Goa_Daman_&_Diu",1972,22,"FERNANDES A.J. GUILMAN","M","MAG",3133,NA,NA,2
"Goa_Daman_&_Diu",1972,22,"ANASIASIO ALMEDIA","M","SOP",600,NA,NA,3
"Goa_Daman_&_Diu",1972,22,"MORAIS FRANK PIEDADE","M","IND",62,NA,NA,4
"Goa_Daman_&_Diu",1972,23,"SARMALKAR V NARAYAN","M","UGS",6604,NA,NA,1
"Goa_Daman_&_Diu",1972,23,"CARDOSO FELICIO S","M","IND",1796,NA,NA,2
"Goa_Daman_&_Diu",1972,23,"MIRANDA ELU JOSE","M","IND",126,NA,NA,3
"Goa_Daman_&_Diu",1972,23,"FERNANDES VICENTE CAMILO","M","IND",65,NA,NA,4
"Goa_Daman_&_Diu",1972,24,"VEDHO LEO MAURICIO","M","UGS",7618,NA,NA,1
"Goa_Daman_&_Diu",1972,24,"MIRANDA ELU JOSE","M","MAG",2777,NA,NA,2
"Goa_Daman_&_Diu",1972,24,"MADKAIKAR S NARAYAN","M","CPI",344,NA,NA,3
"Goa_Daman_&_Diu",1972,24,"KNOWLEKAR PRAKASH BHIKAJI","M","BJS",180,NA,NA,4
"Goa_Daman_&_Diu",1972,25,"ANANTA NARCINVA NAIK","M","UGS",4859,NA,NA,1
"Goa_Daman_&_Diu",1972,25,"VIRGINKAR GOPAL NARAINA","M","MAG",2469,NA,NA,2
"Goa_Daman_&_Diu",1972,25,"MODU TIMBLO","M","INC",1479,NA,NA,3
"Goa_Daman_&_Diu",1972,25,"NARAYAN ATMARAM DESAI","M","CPI",85,NA,NA,4
"Goa_Daman_&_Diu",1972,25,"GANGADHAR YESHWANT","M","IND",52,NA,NA,5
"Goa_Daman_&_Diu",1972,25,"KOWLEKAR PRAKASH BHIKAJI","M","BJS",46,NA,NA,6
"Goa_Daman_&_Diu",1972,26,"F.E.S SILVEIRA MARTINHO","M","UGS",7120,NA,NA,1
"Goa_Daman_&_Diu",1972,26,"CARDOZOI LUIS PIEDADE","M","IND",2039,NA,NA,2
"Goa_Daman_&_Diu",1972,26,"BANNETO ROQUE SANTANA","M","IND",1195,NA,NA,3
"Goa_Daman_&_Diu",1972,26,"FERNANDES JOAO FILIPE","M","IND",92,NA,NA,4
"Goa_Daman_&_Diu",1972,27,"BARBOSA LUIS PALEIXO","M","UGS",7431,NA,NA,1
"Goa_Daman_&_Diu",1972,27,"TELO MASCARENHAS","M","INC",1018,NA,NA,2
"Goa_Daman_&_Diu",1972,27,"SA REBELO BANECIO CANUTO","M","IND",894,NA,NA,3
"Goa_Daman_&_Diu",1972,27,"SANSGUIRI SRIPADA SONU","M","IND",210,NA,NA,4
"Goa_Daman_&_Diu",1972,28,"JOSHI VASSANT SUBRAYA","M","MAG",5292,NA,NA,1
"Goa_Daman_&_Diu",1972,28,"A L DE GRACA ANTONIO","M","UGS",4252,NA,NA,2
"Goa_Daman_&_Diu",1972,28,"ANTHONY DE SOUZA","M","INC",2816,NA,NA,3
"Goa_Daman_&_Diu",1972,28,"GERALD PEREIRA","M","CPM",1475,NA,NA,4
"Goa_Daman_&_Diu",1972,28,"V NARSOBA ARLENKAR","M","BJS",86,NA,NA,5
"Goa_Daman_&_Diu",1972,28,"C.K. GANAPATHI","M","IND",82,NA,NA,6
"Goa_Daman_&_Diu",1972,29,"H. VALLABHABHAI TENDEL","M","INC",7729,NA,NA,1
"Goa_Daman_&_Diu",1972,29,"LALLUBHAI JOGIBHAT PATEL","M","IND",7350,NA,NA,2
"Goa_Daman_&_Diu",1972,29,"PREMABHAI S PRABHAKAR","M","IND",132,NA,NA,3
"Goa_Daman_&_Diu",1972,29,"ABDUL AZIZ SULEMAN MOHID","M","IND",60,NA,NA,4
"Goa_Daman_&_Diu",1972,29,"JOAKIM AGOSTINMAS ADO","M","IND",46,NA,NA,5
"Goa_Daman_&_Diu",1972,30,"FORDO NARAYAN SHRINIVAS","M","IND",4598,NA,NA,1
"Goa_Daman_&_Diu",1972,30,"MODASIA BALUBHAI DHARSI","M","INC",3318,NA,NA,2
"Goa_Daman_&_Diu",1977,1,"MANDREKAR DEU GUNAJI","M","MAG",3978,NA,NA,1
"Goa_Daman_&_Diu",1977,1,"MORAJKAR RAMDAS SHANKAR","M","INC",1990,NA,NA,2
"Goa_Daman_&_Diu",1977,1,"ARICKAR VISHWANATH NORSOBA","M","JNP",1487,NA,NA,3
"Goa_Daman_&_Diu",1977,1,"AMONKAR JANARDAN ARJUN","M","IND",217,NA,NA,4
"Goa_Daman_&_Diu",1977,1,"NIPANIKAR BALARAM VISHNU","M","IND",156,NA,NA,5
"Goa_Daman_&_Diu",1977,1,"PEDNEKAR SHANTARAM PURSHOTTAM","M","IND",80,NA,NA,6
"Goa_Daman_&_Diu",1977,2,"KHALAP RAMAKANT DATTARAM","M","MAG",5394,NA,NA,1
"Goa_Daman_&_Diu",1977,2,"PARAB GOPAL ATMARAM","M","INC",3375,NA,NA,2
"Goa_Daman_&_Diu",1977,2,"FERNANDES SANTAN JANU VARIO","M","JNP",754,NA,NA,3
"Goa_Daman_&_Diu",1977,3,"CHODANKAR GHANDRAKANT UTTAM","M","MAG",6088,NA,NA,1
"Goa_Daman_&_Diu",1977,3,"ACHARCKAR PUNAJI PANDURANG","M","JNP",3211,NA,NA,2
"Goa_Daman_&_Diu",1977,3,"GOLTEKAR RAMESH SHABI","M","INC",2255,NA,NA,3
"Goa_Daman_&_Diu",1977,4,"FERNANDES RUAL ILARIO","M","MAG",4621,NA,NA,1
"Goa_Daman_&_Diu",1977,4,"FERNANDES MARK A. ANSELMO","M","JNP",4335,NA,NA,2
"Goa_Daman_&_Diu",1977,4,"RAO JAGDISH DHUJANG","M","INC",2741,NA,NA,3
"Goa_Daman_&_Diu",1977,4,"D'SOUZA AUSTIN BERNARD","M","IND",61,NA,NA,4
"Goa_Daman_&_Diu",1977,5,"SHIRSAT SURENDRA VASANT","M","MAG",5229,NA,NA,1
"Goa_Daman_&_Diu",1977,5,"BHANDARE GANGADHAR YESHWANT","M","JNP",3563,NA,NA,2
"Goa_Daman_&_Diu",1977,5,"NARVENKAR SHRIRANG PANDURANG","M","INC",3295,NA,NA,3
"Goa_Daman_&_Diu",1977,6,"NARVENKAR DAYANAND GANESH","M","MAG",4557,NA,NA,1
"Goa_Daman_&_Diu",1977,6,"RINBEEIO MALVINA LEONER PINTO RANGEL","F","JNP",4094,NA,NA,2
"Goa_Daman_&_Diu",1977,6,"SOUZA SILVERIO JOSE","M","INC",2226,NA,NA,3
"Goa_Daman_&_Diu",1977,7,"KAKODKAR SHASHIKALA GURUDUTT","F","MAG",6866,NA,NA,1
"Goa_Daman_&_Diu",1977,7,"NAIK VINAYAK VASUDEV","M","INC",3746,NA,NA,2
"Goa_Daman_&_Diu",1977,7,"RANE JAYSINGRAO ABASAHEB","M","JNP",1488,NA,NA,3
"Goa_Daman_&_Diu",1977,7,"NANASAHEB","M","IND",61,NA,NA,4
"Goa_Daman_&_Diu",1977,8,"SHENVI SURLIKAR LAXMIKANT SANTARAM","M","INC",5108,NA,NA,1
"Goa_Daman_&_Diu",1977,8,"SINAI USGAONKER ATCHUT KASHINATH","M","MAG",4752,NA,NA,2
"Goa_Daman_&_Diu",1977,8,"KASKAR CHANDU","M","JNP",807,NA,NA,3
"Goa_Daman_&_Diu",1977,8,"GHODGE PRABNAKAR KASHIRAM","M","CPI",463,NA,NA,4
"Goa_Daman_&_Diu",1977,8,"PEDNEKER SHANU JIVBA","M","IND",145,NA,NA,5
"Goa_Daman_&_Diu",1977,9,"RANE PRATAPSINGH RAOJI","M","INC",4084,NA,NA,1
"Goa_Daman_&_Diu",1977,9,"RANE JAYSINGRAO VENKATRAO","M","MAG",2973,NA,NA,2
"Goa_Daman_&_Diu",1977,9,"PEDNEKAR DEVIDAS KRISHNA","M","JNP",1352,NA,NA,3
"Goa_Daman_&_Diu",1977,9,"DESSAI KESNAV JANARDAN","M","IND",470,NA,NA,4
"Goa_Daman_&_Diu",1977,9,"MUJAWAR SHAKI ALI IBRAHIM","M","IND",405,NA,NA,5
"Goa_Daman_&_Diu",1977,9,"GAONKAR BUDAJI VITHAL","M","IND",375,NA,NA,6
"Goa_Daman_&_Diu",1977,9,"VAZ JOARGE BASTIAO","M","CPI",129,NA,NA,7
"Goa_Daman_&_Diu",1977,10,"BIR MADHV RAMKRISHNA","M","JNP",3555,NA,NA,1
"Goa_Daman_&_Diu",1977,10,"SARDESSAI KASHINATH VENKATESH","M","MAG",2549,NA,NA,2
"Goa_Daman_&_Diu",1977,10,"ATAIDE LOBO JORGE DE GRACA ANTONIO","M","INC",1981,NA,NA,3
"Goa_Daman_&_Diu",1977,10,"SILIMKHAN RAMESH RAGUVIR","M","IND",416,NA,NA,4
"Goa_Daman_&_Diu",1977,10,"SARMALKAR MOHAMLAL SADASHIV","M","IND",106,NA,NA,5
"Goa_Daman_&_Diu",1977,10,"NAIK BALCHANDRA GANESH","M","IND",47,NA,NA,6
"Goa_Daman_&_Diu",1977,10,"FERNANDES MELICIO ANDRE ALEIXO","M","IND",27,NA,NA,7
"Goa_Daman_&_Diu",1977,11,"SEQUEIRA JACK ERASMO","M","JNP",4462,NA,NA,1
"Goa_Daman_&_Diu",1977,11,"FERNANDES MANUEL FRANCISCO XAVIER DIOGO","M","MAG",2656,NA,NA,2
"Goa_Daman_&_Diu",1977,11,"MONTERIO ATANASIO ANTONIO AGNELO MARCOS","M","INC",1923,NA,NA,3
"Goa_Daman_&_Diu",1977,11,"VAZMAL KAUNU GOPAL","M","IND",242,NA,NA,4
"Goa_Daman_&_Diu",1977,11,"VAIGNCAR KRISHNA ARJUN","M","IND",235,NA,NA,5
"Goa_Daman_&_Diu",1977,11,"FERNANDES PIO","M","IND",99,NA,NA,6
"Goa_Daman_&_Diu",1977,11,"RAM GANGADHARAN","M","IND",60,NA,NA,7
"Goa_Daman_&_Diu",1977,12,"GHODANKAR VINAYAK DHARMA","M","MAG",5145,NA,NA,1
"Goa_Daman_&_Diu",1977,12,"DESAI SHRIKANT GOVIND","M","JNP",4177,NA,NA,2
"Goa_Daman_&_Diu",1977,12,"PARAB GAONKER MANOHAR GAJANAN","M","INC",1059,NA,NA,3
"Goa_Daman_&_Diu",1977,12,"BANDODKAR SITARAM RAMNATH","M","IND",139,NA,NA,4
"Goa_Daman_&_Diu",1977,12,"SHET MUKUND MORTU","M","IND",58,NA,NA,5
"Goa_Daman_&_Diu",1977,13,"GUNCOLIENCAR SHRIPAD LAXMAN","M","INC",2817,NA,NA,1
"Goa_Daman_&_Diu",1977,13,"PANKAR RAGHUVIR SHANU","M","MAG",2655,NA,NA,2
"Goa_Daman_&_Diu",1977,13,"PEREIRA TEOTONIO F. PAULO","M","JNP",2412,NA,NA,3
"Goa_Daman_&_Diu",1977,13,"GONSALVES SALVADOR FRANCISCO","M","IND",261,NA,NA,4
"Goa_Daman_&_Diu",1977,13,"DIAS ORILANDO AUTHONY","M","IND",92,NA,NA,5
"Goa_Daman_&_Diu",1977,13,"D'SA FRANCISCO ESTEVAO PEDRO L.M.","M","IND",26,NA,NA,6
"Goa_Daman_&_Diu",1977,14,"BANDODCAR KRISHAN RAGU","M","MAG",6246,NA,NA,1
"Goa_Daman_&_Diu",1977,14,"PANJIKER SHASHI GOVIND","M","IND",2400,NA,NA,2
"Goa_Daman_&_Diu",1977,14,"VELINGKAR MADHU VASSANT","M","JNP",1640,NA,NA,3
"Goa_Daman_&_Diu",1977,15,"NAIK RHOIDAS HARISCHANDRA","M","MAG",4749,NA,NA,1
"Goa_Daman_&_Diu",1977,15,"AGUIAR JOILDO SOUZA","M","INC",4436,NA,NA,2
"Goa_Daman_&_Diu",1977,15,"RAIKAR GAJANAN GOPINATH","M","JNP",952,NA,NA,3
"Goa_Daman_&_Diu",1977,15,"SHINKRE JANARADAN JAGANNATH","M","IND",134,NA,NA,4
"Goa_Daman_&_Diu",1977,16,"NAIK JAYAKRISHNA PUTU","M","MAG",5964,NA,NA,1
"Goa_Daman_&_Diu",1977,16,"SHIRODHAR VASSANTA SHANKAR","M","INC",2988,NA,NA,2
"Goa_Daman_&_Diu",1977,16,"RAMNATHKAR SAVITA RATANJI","F","JNP",983,NA,NA,3
"Goa_Daman_&_Diu",1977,16,"NAIK NARAYAN PANDURANG","M","IND",207,NA,NA,4
"Goa_Daman_&_Diu",1977,16,"VASUDEV ANANT PEDNEKAR","M","IND",31,NA,NA,5
"Goa_Daman_&_Diu",1977,17,"MARATHER SADASHIV VAMAN","M","MAG",5239,NA,NA,1
"Goa_Daman_&_Diu",1977,17,"NAIK TARI GURUDAS VASSUDEV","M","INC",4391,NA,NA,2
"Goa_Daman_&_Diu",1977,17,"PRABHU DESSAI SANJAY HARI","M","JNP",810,NA,NA,3
"Goa_Daman_&_Diu",1977,18,"DESSAI DILKUSH FOTU","M","MAG",3442,NA,NA,1
"Goa_Daman_&_Diu",1977,18,"DESAI MOLU GANABA","M","INC",2371,NA,NA,2
"Goa_Daman_&_Diu",1977,18,"VELIP CANDRAKANT DEU","M","IND",1932,NA,NA,3
"Goa_Daman_&_Diu",1977,18,"DESSAI SUSHEMA SHABA","F","JNP",617,NA,NA,4
"Goa_Daman_&_Diu",1977,18,"KURTIKAR DULO CHIMLO","M","IND",190,NA,NA,5
"Goa_Daman_&_Diu",1977,19,"GAONKAR VASU PAIK","M","MAG",5544,NA,NA,1
"Goa_Daman_&_Diu",1977,19,"PRABHU GOPAL VENKATESH","M","JNP",3013,NA,NA,2
"Goa_Daman_&_Diu",1977,19,"FERNANDES MARTINHO MENINO NICOLAN","M","INC",1745,NA,NA,3
"Goa_Daman_&_Diu",1977,19,"GAONKAR JIVA BHAGDO","M","IND",619,NA,NA,4
"Goa_Daman_&_Diu",1977,19,"RAIKAR LOCXIMON BAPUJI","M","IND",124,NA,NA,5
"Goa_Daman_&_Diu",1977,19,"DESSAI MOLU KRISHNARAO","M","IND",78,NA,NA,6
"Goa_Daman_&_Diu",1977,20,"DESSAI VAIKUNT GOVIND","M","INC",4168,NA,NA,1
"Goa_Daman_&_Diu",1977,20,"GAUNSO DESSAI SATISH NILU","M","MAG",3597,NA,NA,2
"Goa_Daman_&_Diu",1977,20,"RAUTO DESSAI GANESH SHANKER","M","JNP",1194,NA,NA,3
"Goa_Daman_&_Diu",1977,20,"DINIZ PATRICK DOMINGO","M","IND",1060,NA,NA,4
"Goa_Daman_&_Diu",1977,20,"DESSAI NARAYAN MAHADEV","M","IND",136,NA,NA,5
"Goa_Daman_&_Diu",1977,20,"PARCEKER HIRA LOLI","M","IND",73,NA,NA,6
"Goa_Daman_&_Diu",1977,20,"NAIK KESHAV MOLU","M","IND",24,NA,NA,7
"Goa_Daman_&_Diu",1977,21,"REBELLO FERDINO ASSIZ","M","JNP",3321,NA,NA,1
"Goa_Daman_&_Diu",1977,21,"ROQUE SANTANA FERNANDES","M","INC",3281,NA,NA,2
"Goa_Daman_&_Diu",1977,21,"DESSAI SHABU BABANI","M","MAG",2643,NA,NA,3
"Goa_Daman_&_Diu",1977,21,"SANVARDEKAR UPENDRA NARENCINVA","M","IND",500,NA,NA,4
"Goa_Daman_&_Diu",1977,21,"DESSAI SODA SHAMBU","M","IND",378,NA,NA,5
"Goa_Daman_&_Diu",1977,21,"FERNANDES HILARIO ROQUE","M","IND",300,NA,NA,6
"Goa_Daman_&_Diu",1977,21,"SOUZA FATIANO CAETANO","M","IND",18,NA,NA,7
"Goa_Daman_&_Diu",1977,22,"COTA LOURENCE PEDRO SANTANO","M","INC",4196,NA,NA,1
"Goa_Daman_&_Diu",1977,22,"BARRETO JACO JESMINA","M","JNP",3117,NA,NA,2
"Goa_Daman_&_Diu",1977,22,"GARDOSO RAUL JOAQUIM","M","MAG",2466,NA,NA,3
"Goa_Daman_&_Diu",1977,23,"VELHO LEO MAURICIC","M","INC",4434,NA,NA,1
"Goa_Daman_&_Diu",1977,23,"KADAM SHANTARAM BICAJI","M","MAG",2425,NA,NA,2
"Goa_Daman_&_Diu",1977,23,"SARMALKAR JEETANDRA VASUDEV","M","JNP",1865,NA,NA,3
"Goa_Daman_&_Diu",1977,23,"ROBELLO JOHN BAPTIST","M","IND",209,NA,NA,4
"Goa_Daman_&_Diu",1977,23,"NARINA CAXINATH PAL ANGLO","M","IND",52,NA,NA,5
"Goa_Daman_&_Diu",1977,24,"NAIK ANANTA NARCINAVA","M","INC",4551,NA,NA,1
"Goa_Daman_&_Diu",1977,24,"VAIDYA GOPAL PANDURANG","M","MAG",2764,NA,NA,2
"Goa_Daman_&_Diu",1977,24,"BRUTO DE COSTA MARIO ANTONIO","M","JNP",1878,NA,NA,3
"Goa_Daman_&_Diu",1977,24,"DIAS THOMAS RAPHAIL","M","IND",63,NA,NA,4
"Goa_Daman_&_Diu",1977,25,"SARDINHA FERNCISCO CETANA","M","INC",3945,NA,NA,1
"Goa_Daman_&_Diu",1977,25,"AGUIAR MANUEL SEBASTIAO","M","JNP",2817,NA,NA,2
"Goa_Daman_&_Diu",1977,25,"SOUZA PEDRO A. FRANCISCO","M","MAG",2129,NA,NA,3
"Goa_Daman_&_Diu",1977,25,"VIEGAS ANTONIO DES RAMEDIOS SIMPLICIO","M","IND",384,NA,NA,4
"Goa_Daman_&_Diu",1977,25,"D' SA MATHEU NATIVIDADE","M","IND",51,NA,NA,5
"Goa_Daman_&_Diu",1977,26,"FROILANO MACHADO","M","INC",4654,NA,NA,1
"Goa_Daman_&_Diu",1977,26,"COLACO PEDRO ANASTACIO","M","MAG",2431,NA,NA,2
"Goa_Daman_&_Diu",1977,26,"XAVIER EL SIAS GEORGE TARASIO","M","JNP",2048,NA,NA,3
"Goa_Daman_&_Diu",1977,27,"LAAD SHANKAR VISHVESWAR","M","MAG",3057,NA,NA,1
"Goa_Daman_&_Diu",1977,27,"DOURADO HARCULANE T.","M","INC",2445,NA,NA,2
"Goa_Daman_&_Diu",1977,27,"FERNANDES NELSON LAOURENCO PLEDADE","M","JNP",1373,NA,NA,3
"Goa_Daman_&_Diu",1977,27,"SALDNAHA JOSE MATHANY JACINTE","M","IND",650,NA,NA,4
"Goa_Daman_&_Diu",1977,27,"SHAIK MOHAMAD JAFFAR SALIA","M","IND",201,NA,NA,5
"Goa_Daman_&_Diu",1977,27,"KARMALI SUBASH NARAINA","M","IND",111,NA,NA,6
"Goa_Daman_&_Diu",1977,28,"SHAIKH HASSAN HAROON","M","INC",3256,NA,NA,1
"Goa_Daman_&_Diu",1977,28,"JOSHI VASANT SUBRAY","M","MAG",2615,NA,NA,2
"Goa_Daman_&_Diu",1977,28,"SARMALKER ANIL ANANT","M","JNP",1395,NA,NA,3
"Goa_Daman_&_Diu",1977,28,"PERCIRA CIANO MELQUIADES","M","IND",1138,NA,NA,4
"Goa_Daman_&_Diu",1977,28,"MISHRA SHIVSHANKER SURYANARAYAN","M","IND",27,NA,NA,5
"Goa_Daman_&_Diu",1977,29,"BHATHELA MAKANBHAI MORARJI","M","IND",6423,NA,NA,1
"Goa_Daman_&_Diu",1977,29,"BHATHELA DAJIBHAI KANJIBHAI","M","JNP",6401,NA,NA,2
"Goa_Daman_&_Diu",1977,29,"MORAISE SOUZA JOSE","M","IND",545,NA,NA,3
"Goa_Daman_&_Diu",1977,29,"MHAWALA GULAMHUSEIN RAMZENBHAI","M","IND",305,NA,NA,4
"Goa_Daman_&_Diu",1977,29,"VAGMAR ABDULGAFUR AHMED","M","IND",161,NA,NA,5
"Goa_Daman_&_Diu",1977,29,"BHATIA R.C.","M","IND",153,NA,NA,6
"Goa_Daman_&_Diu",1977,29,"DESSAI MANUBHAI RANCHHODJI","M","IND",28,NA,NA,7
"Goa_Daman_&_Diu",1977,29,"JAIN SHANTILAL NIHALCHAND","M","IND",17,NA,NA,8
"Goa_Daman_&_Diu",1977,30,"FUGRO NARAYAN SHRINIVAS","M","IND",5522,NA,NA,1
"Goa_Daman_&_Diu",1977,30,"MODASIA BALUBHAI DHARSI","M","MAG",3565,NA,NA,2
"Goa_Daman_&_Diu",1977,30,"BAMANIA RATILA BHIKNABHAI","M","JNP",702,NA,NA,3
"Goa_Daman_&_Diu",1980,1,"MANDREKAR DEU GUNAJI","M","MAG",4701,NA,NA,1
"Goa_Daman_&_Diu",1980,1,"MORAJKAR RAMDAS SHANKAR","M","INC(I)",2290,NA,NA,2
"Goa_Daman_&_Diu",1980,1,"RAU NARAYAN BHICAJI","M","JNP",1118,NA,NA,3
"Goa_Daman_&_Diu",1980,1,"NIPANIKAR BALARAM VISHNU","M","IND",542,NA,NA,4
"Goa_Daman_&_Diu",1980,1,"HARIJAN KASHIRAM GANPAT","M","IND",398,NA,NA,5
"Goa_Daman_&_Diu",1980,2,"KHALAP RAMAKANT DATTARAM","M","MAG",5703,NA,NA,1
"Goa_Daman_&_Diu",1980,2,"PARAB GOPAL ATMARAM","M","INC(I)",5301,NA,NA,2
"Goa_Daman_&_Diu",1980,2,"TELANG VISHNU SHANKAR","M","JNP",238,NA,NA,3
"Goa_Daman_&_Diu",1980,3,"CHODANKAR CHANDRAKANT UTTAM","M","IND",5841,NA,NA,1
"Goa_Daman_&_Diu",1980,3,"SALGAUKAR LADU BUTHI","M","MAG",4084,NA,NA,2
"Goa_Daman_&_Diu",1980,3,"MANDREKAR RAMKRISHNA NARSINV","M","INC(I)",1044,NA,NA,3
"Goa_Daman_&_Diu",1980,3,"GADEKAR SADANAND MAHADEV","M","IND",712,NA,NA,4
"Goa_Daman_&_Diu",1980,3,"FERNANDES SILVESTRE LOYOLA EPIGANIO N.","M","JNP(S)",423,NA,NA,5
"Goa_Daman_&_Diu",1980,3,"NAIK KANOBA YESHWANT","M","JNP",267,NA,NA,6
"Goa_Daman_&_Diu",1980,3,"PALYENKAR SHAMBU NAGUESH","M","IND",232,NA,NA,7
"Goa_Daman_&_Diu",1980,4,"DE SOUZA WILFRED TITO FERMINO","M","INC(U)",6920,NA,NA,1
"Goa_Daman_&_Diu",1980,4,"D' SOUZA FRANCISCO AGUSTA","M","MAG",5506,NA,NA,2
"Goa_Daman_&_Diu",1980,4,"ACHRENKAR PUNAJI PANDURANG","M","JNP(S)",471,NA,NA,3
"Goa_Daman_&_Diu",1980,4,"ANDREDES FRANK RAFAEL PAUL DOMNIC FRANCIS","M","IND",294,NA,NA,4
"Goa_Daman_&_Diu",1980,4,"NAIK BALCHANDRA GANESH","M","JNP",251,NA,NA,5
"Goa_Daman_&_Diu",1980,4,"FREITAS NICOLAU APRISE","M","IND",78,NA,NA,6
"Goa_Daman_&_Diu",1980,4,"COELHO MANUEL ALVINHO","M","IND",46,NA,NA,7
"Goa_Daman_&_Diu",1980,5,"NEVAGI SHAMSUNDER JAIRAM","M","INC(U)",6640,NA,NA,1
"Goa_Daman_&_Diu",1980,5,"SIRSAT SURENDRA VASANT","M","MAG",5559,NA,NA,2
"Goa_Daman_&_Diu",1980,5,"TOPLE RAGHUNATH ANANT","M","JNP",857,NA,NA,3
"Goa_Daman_&_Diu",1980,5,"PRABHU BHASKAR RAJARAM","M","IND",227,NA,NA,4
"Goa_Daman_&_Diu",1980,5,"NASNODKAR NARAYAN ANANT","M","JNP(S)",212,NA,NA,5
"Goa_Daman_&_Diu",1980,6,"NARVEKAR DAYANAND GANESH","M","INC(U)",8219,NA,NA,1
"Goa_Daman_&_Diu",1980,6,"CHODANKAR MADAN VARNAN","M","MAG",4414,NA,NA,2
"Goa_Daman_&_Diu",1980,6,"GOVENKAR LAKSHIMAN DATTARAM","M","JNP",346,NA,NA,3
"Goa_Daman_&_Diu",1980,6,"FERNANDES ALBIN SANTANA","M","IND",154,NA,NA,4
"Goa_Daman_&_Diu",1980,6,"LOTLIKAR SURESH MADHUKAR","M","IND",120,NA,NA,5
"Goa_Daman_&_Diu",1980,6,"BHONSLE JAGANATH DHARAM","M","IND",97,NA,NA,6
"Goa_Daman_&_Diu",1980,6,"KAREKAR SITARAM SADASHIV","M","IND",30,NA,NA,7
"Goa_Daman_&_Diu",1980,7,"PRABHU ZANTYE HARISH NARAYAN","M","IND",8354,NA,NA,1
"Goa_Daman_&_Diu",1980,7,"KAKODKAR SHASHIKALA GURUDUTTA","F","MAG",5981,NA,NA,2
"Goa_Daman_&_Diu",1980,8,"NAIK VISHNU RAMA","M","MAG",5827,NA,NA,1
"Goa_Daman_&_Diu",1980,8,"SURYARAO SARDESSAI RAMESH NARAYAN","M","INC(U)",4932,NA,NA,2
"Goa_Daman_&_Diu",1980,8,"SHENVI SURLIKAR LAXMIKANT SHANTARAM","M","IND",1945,NA,NA,3
"Goa_Daman_&_Diu",1980,8,"SEWANT PANDURANG GOVIND","M","JNP",382,NA,NA,4
"Goa_Daman_&_Diu",1980,8,"MORAJKAR PUTU JAIDEV","M","IND",247,NA,NA,5
"Goa_Daman_&_Diu",1980,8,"PODNEKAR SHANU JIVBA","M","IND",183,NA,NA,6
"Goa_Daman_&_Diu",1980,8,"TORGAL ABDUL KARIM KHAN","M","IND",14,NA,NA,7
"Goa_Daman_&_Diu",1980,9,"RANE PRATAPSING RAVAJI","M","INC(U)",5283,NA,NA,1
"Goa_Daman_&_Diu",1980,9,"PRABHU TENDULKAR SADANAND SONU","M","MAG",3211,NA,NA,2
"Goa_Daman_&_Diu",1980,9,"RANE JAYSINGRAO BENKATRAO","M","JNP",2038,NA,NA,3
"Goa_Daman_&_Diu",1980,9,"SINAI USGAONKAR ATTCHUT KASHINATH","M","IND",961,NA,NA,4
"Goa_Daman_&_Diu",1980,9,"KAUTHANKAR VISHWANATH JANARDHAN","M","IND",190,NA,NA,5
"Goa_Daman_&_Diu",1980,9,"JOSHI SHRIKANT RAMCHANDRA","M","IND",132,NA,NA,6
"Goa_Daman_&_Diu",1980,10,"NAIK VISHNU ANANT","M","IND",3967,NA,NA,1
"Goa_Daman_&_Diu",1980,10,"NAIK BABAN ANANT","M","MAG",3138,NA,NA,2
"Goa_Daman_&_Diu",1980,10,"BIR MADHAV RAMKRISHNA","M","JNP",2449,NA,NA,3
"Goa_Daman_&_Diu",1980,10,"PRIOLKAR PRAFULL VAIKUNT","M","INC(I)",1005,NA,NA,4
"Goa_Daman_&_Diu",1980,10,"DESSAI YESHWANT SITARAM","M","JNP(S)",291,NA,NA,5
"Goa_Daman_&_Diu",1980,11,"FERNANDES MICHAEL ANTONIC CARMINHO","M","INC(U)",4574,NA,NA,1
"Goa_Daman_&_Diu",1980,11,"BRANCO FRANCISCO AFONSO","M","MAG",3110,NA,NA,2
"Goa_Daman_&_Diu",1980,11,"SEQUEIRA JACK ERASMO","M","JNP(S)",2025,NA,NA,3
"Goa_Daman_&_Diu",1980,11,"DHOND MADHAV MANOHAR","M","JNP",446,NA,NA,4
"Goa_Daman_&_Diu",1980,11,"SHIRODKAR CHANDRAKANT KALIDAS","M","IND",415,NA,NA,5
"Goa_Daman_&_Diu",1980,11,"SARMALKAR MIHANLAL (BAPPA) SADASHIV","M","IND",159,NA,NA,6
"Goa_Daman_&_Diu",1980,11,"VAZHAIL KANNU GOPAL","M","IND",53,NA,NA,7
"Goa_Daman_&_Diu",1980,11,"FERNANDES XAVIER FRANCISCO JACINTO","M","IND",53,NA,NA,8
"Goa_Daman_&_Diu",1980,11,"ALVARO JOSE ELVINO DE BRAGANZA","M","IND",28,NA,NA,9
"Goa_Daman_&_Diu",1980,12,"CHODANKAR VINAYAK DHARMA","M","MAG",4876,NA,NA,1
"Goa_Daman_&_Diu",1980,12,"MAYENKAR MUKUND NARAYAN","M","IND",3143,NA,NA,2
"Goa_Daman_&_Diu",1980,12,"SHENVI KUNKALEKAR VASSANT VITHAL","M","INC(I)",1747,NA,NA,3
"Goa_Daman_&_Diu",1980,12,"DESSAI SHRIKANT GOVIND","M","JNP(S)",1427,NA,NA,4
"Goa_Daman_&_Diu",1980,12,"PHADTE BANDODKAR SITARAM RAMNATH","M","JNP",176,NA,NA,5
"Goa_Daman_&_Diu",1980,12,"MONTEIRO EMIDIO FENELON","M","IND",165,NA,NA,6
"Goa_Daman_&_Diu",1980,12,"COSME MARIO DAMIAO","M","IND",138,NA,NA,7
"Goa_Daman_&_Diu",1980,12,"SHET MUKUND MORTU","M","IND",69,NA,NA,8
"Goa_Daman_&_Diu",1980,12,"PEREIRA ESCOLASTICO LOURENCO TIBURCIO GABRIEL","M","IND",49,NA,NA,9
"Goa_Daman_&_Diu",1980,13,"PEREIRA TEOTONIO FRANCISCO PAULO","M","INC(U)",4200,NA,NA,1
"Goa_Daman_&_Diu",1980,13,"CUNCOLENKAR SRIPAD LAXMAN","M","MAG",3429,NA,NA,2
"Goa_Daman_&_Diu",1980,13,"FERNANDES VICTORIA ROMEO","F","JNP",804,NA,NA,3
"Goa_Daman_&_Diu",1980,13,"MELO AUGUSTINE SANTANO","M","IND",634,NA,NA,4
"Goa_Daman_&_Diu",1980,13,"FERNANDES GHANASYAM XAVIER","M","IND",214,NA,NA,5
"Goa_Daman_&_Diu",1980,13,"FERNANDES JOSE NARTINS","M","IND",182,NA,NA,6
"Goa_Daman_&_Diu",1980,14,"GAUNKAR BABUSO SAULO","M","MAG",6377,NA,NA,1
"Goa_Daman_&_Diu",1980,14,"PANJIKAR SASHI GOVIND","M","IND",3155,NA,NA,2
"Goa_Daman_&_Diu",1980,14,"KANKONKAR TUKARAM RAGOBA","M","INC(U)",1450,NA,NA,3
"Goa_Daman_&_Diu",1980,14,"SHET NISHAKANT KRISHNA","M","JNP",663,NA,NA,4
"Goa_Daman_&_Diu",1980,15,"AGUIAR JOILDO SOUZA","M","INC(U)",6700,NA,NA,1
"Goa_Daman_&_Diu",1980,15,"NAIK RAVI SITARAM","M","MAG",6009,NA,NA,2
"Goa_Daman_&_Diu",1980,15,"SINAI USGAONKAR ATTCHUT KASHIRAM","M","IND",618,NA,NA,3
"Goa_Daman_&_Diu",1980,15,"CHARI RAMESH GOVIND","M","JNP",496,NA,NA,4
"Goa_Daman_&_Diu",1980,15,"KHANDEKAR SHANKAR KRISHNA","M","CPM",202,NA,NA,5
"Goa_Daman_&_Diu",1980,16,"PRABHU RAMCHANDRA TUKARAM","M","INC(U)",6315,NA,NA,1
"Goa_Daman_&_Diu",1980,16,"NAIK JAYKRISHNA PUTU","M","MAG",5891,NA,NA,2
"Goa_Daman_&_Diu",1980,16,"SHIRODKAR BASSSANT SHANKAR","M","IND",620,NA,NA,3
"Goa_Daman_&_Diu",1980,16,"KUDCHADKAR SADANAND VISHVANATH","M","IND",172,NA,NA,4
"Goa_Daman_&_Diu",1980,16,"GAVDE JIV RAM","M","IND",120,NA,NA,5
"Goa_Daman_&_Diu",1980,16,"GAONKAR SHANKAR VISHNU","M","IND",76,NA,NA,6
"Goa_Daman_&_Diu",1980,17,"NAIK TARI GURUDAS VASUDEV","M","INC(U)",6365,NA,NA,1
"Goa_Daman_&_Diu",1980,17,"KARMALKAR VINAYAK DHARMU","M","MAG",4562,NA,NA,2
"Goa_Daman_&_Diu",1980,17,"NAIK TARI NAGUESH KRISHNA","M","JNP",565,NA,NA,3
"Goa_Daman_&_Diu",1980,17,"BETKIKER ANAND RAMANATH","M","CPM",405,NA,NA,4
"Goa_Daman_&_Diu",1980,17,"NAIK RAVINDRA VASSU","M","IND",202,NA,NA,5
"Goa_Daman_&_Diu",1980,17,"FOTTO DESSAI BHALCHANDRA SHANKAR","M","IND",181,NA,NA,6
"Goa_Daman_&_Diu",1980,17,"PATIL DATTU LADU","M","IND",66,NA,NA,7
"Goa_Daman_&_Diu",1980,18,"DESSAI DILKUSH FETTU","M","INC(U)",4132,NA,NA,1
"Goa_Daman_&_Diu",1980,18,"VELIP JIVA KUSTA","M","MAG",3656,NA,NA,2
"Goa_Daman_&_Diu",1980,18,"VELIP CHANDRAKANT DEVU","M","IND",1493,NA,NA,3
"Goa_Daman_&_Diu",1980,18,"PANCHWADKAER MUKUND GANESH","M","JNP",508,NA,NA,4
"Goa_Daman_&_Diu",1980,19,"GAONKAR VASSU PAIK","M","INC(U)",8855,NA,NA,1
"Goa_Daman_&_Diu",1980,19,"NAMSHIKAR EKNATH TUKARAM","M","MAG",3752,NA,NA,2
"Goa_Daman_&_Diu",1980,19,"PHAL DESAI SHARAD DATTA","M","JNP(S)",161,NA,NA,3
"Goa_Daman_&_Diu",1980,20,"GAUNS DESSAI VAIKUNT GOVIND","M","INC(U)",7073,NA,NA,1
"Goa_Daman_&_Diu",1980,20,"NAIK VITHAL SONU","M","MAG",4474,NA,NA,2
"Goa_Daman_&_Diu",1980,20,"PRABHU DESSAI SANJAY HARI","M","JNP",538,NA,NA,3
"Goa_Daman_&_Diu",1980,20,"NATAKAR ASHOK BHAL CHANDRA","M","CPM",166,NA,NA,4
"Goa_Daman_&_Diu",1980,20,"FURTADO GLORIA PEDRO","M","IND",115,NA,NA,5
"Goa_Daman_&_Diu",1980,20,"DESSAI YADAVENDRA VASSUDEV","M","JNP(S)",108,NA,NA,6
"Goa_Daman_&_Diu",1980,20,"SHABA KRISHNA DESSAI","M","IND",61,NA,NA,7
"Goa_Daman_&_Diu",1980,20,"RAUT DESSAI SHIVRAM SHANU","M","IND",30,NA,NA,8
"Goa_Daman_&_Diu",1980,21,"VAZ J. MARIO EMERCIANE","M","INC(U)",7328,NA,NA,1
"Goa_Daman_&_Diu",1980,21,"VAZ AFRONIO JOAQUIM PIEDADE","M","MAG",2555,NA,NA,2
"Goa_Daman_&_Diu",1980,21,"REBELO FERDINO ASSIZ","M","JNP",482,NA,NA,3
"Goa_Daman_&_Diu",1980,21,"DESSAI SADA SHAMBU","M","IND",209,NA,NA,4
"Goa_Daman_&_Diu",1980,21,"PAES EMITERIO NAZAZENO","M","IND",119,NA,NA,5
"Goa_Daman_&_Diu",1980,21,"CRUZ FURTADO","M","IND",84,NA,NA,6
"Goa_Daman_&_Diu",1980,21,"DAMODAR DATTARAM DELVI","M","IND",73,NA,NA,7
"Goa_Daman_&_Diu",1980,22,"CRUZ FRANCISCO MONTE P. D.","M","INC(U)",7936,NA,NA,1
"Goa_Daman_&_Diu",1980,22,"CARDOZO RAUL JOAQUIM","M","MAG",1852,NA,NA,2
"Goa_Daman_&_Diu",1980,22,"SILVA EUGENIO SILVANO","M","IND",277,NA,NA,3
"Goa_Daman_&_Diu",1980,22,"BARRETO JOAO JERONIO","M","JNP",220,NA,NA,4
"Goa_Daman_&_Diu",1980,22,"COTA JOSE LOURANCE JOAQUIM","M","IND",197,NA,NA,5
"Goa_Daman_&_Diu",1980,22,"BRAGANZA EDWARD FRANCISCO","M","JNP(S)",188,NA,NA,6
"Goa_Daman_&_Diu",1980,22,"RODRIGUES FELIX VALOIS","M","IND",26,NA,NA,7
"Goa_Daman_&_Diu",1980,23,"PALEIRO LUISINHO JOAQUIM","M","INC(U)",7715,NA,NA,1
"Goa_Daman_&_Diu",1980,23,"TEMUDO BENELITO FRANCISCO","M","MAG",2287,NA,NA,2
"Goa_Daman_&_Diu",1980,23,"BAIG FAKIR ADAM","M","JNP",307,NA,NA,3
"Goa_Daman_&_Diu",1980,23,"LOXIMON VITHAL PRABHU CONCAR","M","IND",156,NA,NA,4
"Goa_Daman_&_Diu",1980,24,"NAIK ANANT NARCINVA","M","INC(U)",6502,NA,NA,1
"Goa_Daman_&_Diu",1980,24,"SHIRODKAR GOKULDAS SHANU","M","MAG",2628,NA,NA,2
"Goa_Daman_&_Diu",1980,24,"KUDALKAR ATMARAM LONGU","M","IND",152,NA,NA,3
"Goa_Daman_&_Diu",1980,24,"KADAM SHANTARAM BIGAJI","M","IND",139,NA,NA,4
"Goa_Daman_&_Diu",1980,24,"SARMALKAR JETENDRA VASSUDEV","M","JNP(S)",106,NA,NA,5
"Goa_Daman_&_Diu",1980,24,"BUYUNV ULHAS SUBRAYA","M","IND",11,NA,NA,6
"Goa_Daman_&_Diu",1980,25,"SARDINHA FRANCISCO CAETANO","M","INC(U)",7418,NA,NA,1
"Goa_Daman_&_Diu",1980,25,"COSTA SEBASTAO VICENTE","M","MAG",2561,NA,NA,2
"Goa_Daman_&_Diu",1980,25,"BARBOSE NORMAN RONDOLENCIO","M","IND",412,NA,NA,3
"Goa_Daman_&_Diu",1980,25,"COSTA CAJENTAN PETER ROSARIO","M","JNP(S)",295,NA,NA,4
"Goa_Daman_&_Diu",1980,25,"ANTEO JOHNY JOSE ANTONIO R.","M","IND",155,NA,NA,5
"Goa_Daman_&_Diu",1980,25,"D. COSTA JOSEPH CAITAN","M","IND",115,NA,NA,6
"Goa_Daman_&_Diu",1980,26,"FROILANO NANCHADO","M","INC(U)",6296,NA,NA,1
"Goa_Daman_&_Diu",1980,26,"CAETANO BARRETO","M","MAG",3077,NA,NA,2
"Goa_Daman_&_Diu",1980,26,"KAMATH RAMESH VENKATESH","M","IND",540,NA,NA,3
"Goa_Daman_&_Diu",1980,26,"AFONSO NORMAN RONDOLENCIO","M","JNP",331,NA,NA,4
"Goa_Daman_&_Diu",1980,26,"FERNANDES ANTONIO INACIO MENINO","M","IND",259,NA,NA,5
"Goa_Daman_&_Diu",1980,26,"ANDRADE JOSE ROQUE MININO","M","IND",154,NA,NA,6
"Goa_Daman_&_Diu",1980,26,"SOUZA ANASTASIO ROSARIO","M","IND",61,NA,NA,7
"Goa_Daman_&_Diu",1980,27,"DOURADAO NARCULANO LUIS","M","INC(U)",5780,NA,NA,1
"Goa_Daman_&_Diu",1980,27,"BANDEKAR SHANKAR VISHNU","M","MAG",2510,NA,NA,2
"Goa_Daman_&_Diu",1980,27,"SALGAONKAR SHANKAR KASHIRAM","M","IND",2474,NA,NA,3
"Goa_Daman_&_Diu",1980,27,"PARULEKAR PRAKASH DATTARAM","M","JNP",464,NA,NA,4
"Goa_Daman_&_Diu",1980,27,"FERNANDES NALSON LOURENCE P","M","JNP(S)",338,NA,NA,5
"Goa_Daman_&_Diu",1980,27,"MANDREKAR SITARAM SAULO","M","CPM",140,NA,NA,6
"Goa_Daman_&_Diu",1980,27,"HENRIQUES GANDHI EUSTACIO","M","IND",132,NA,NA,7
"Goa_Daman_&_Diu",1980,27,"LOTILKAR VITHAL BENKATESH","M","IND",25,NA,NA,8
"Goa_Daman_&_Diu",1980,28,"SHAIKH HASSAN HAROON","M","INC(U)",4018,NA,NA,1
"Goa_Daman_&_Diu",1980,28,"AROLKAR JAGANNATH KESHAV","M","MAG",3339,NA,NA,2
"Goa_Daman_&_Diu",1980,28,"PANDHARE PANDURANG SAGUN","M","IND",542,NA,NA,3
"Goa_Daman_&_Diu",1980,28,"SARDESSAI JAYVANT BALCHANDRA","M","JNP",485,NA,NA,4
"Goa_Daman_&_Diu",1980,28,"SHAIK IBRAHIM MOHAMAD","M","IND",217,NA,NA,5
"Goa_Daman_&_Diu",1980,28,"PEREIRA LUISA CERALD","F","CPM",176,NA,NA,6
"Goa_Daman_&_Diu",1980,28,"LOTLIKAR VITHAL VENKATESH","M","IND",38,NA,NA,7
"Goa_Daman_&_Diu",1980,28,"SHAIK FAROOK SHAIK DAUD","M","IND",18,NA,NA,8
"Goa_Daman_&_Diu",1980,29,"TANDEL NARSINHBAI LALLUBHAI","M","MAG",6613,NA,NA,1
"Goa_Daman_&_Diu",1980,29,"MHAWLA GULAMHUSEIN RAMZAN","M","IND",3968,NA,NA,2
"Goa_Daman_&_Diu",1980,29,"BHATHELA MAKANBHAI MORARJI","M","IND",2127,NA,NA,3
"Goa_Daman_&_Diu",1980,29,"BHATIA R. C.","M","INC(I)",951,NA,NA,4
"Goa_Daman_&_Diu",1980,29,"MORAES SOUSA JOSE","M","IND",211,NA,NA,5
"Goa_Daman_&_Diu",1980,29,"KALAWADWALA AKABARALI LOOKMANJI","M","IND",144,NA,NA,6
"Goa_Daman_&_Diu",1980,29,"PARMER CHANDRAKANT DEVCHAND","M","IND",130,NA,NA,7
"Goa_Daman_&_Diu",1980,30,"SOLANKI SOMJI BHIKHA","M","MAG",6032,NA,NA,1
"Goa_Daman_&_Diu",1980,30,"FUGRO NARAYAN SHRINIVAS","M","IND",4633,NA,NA,2
"Goa_Daman_&_Diu",1984,1,"BANDEKAR SHAMBHU BHAVTI","M","INC",4648,NA,NA,1
"Goa_Daman_&_Diu",1984,1,"PEDNEKAR MAHOHAR","M","MAG",4632,NA,NA,2
"Goa_Daman_&_Diu",1984,1,"MANDREKAR DEU GUNAJI","M","IND",1216,NA,NA,3
"Goa_Daman_&_Diu",1984,1,"NIPANIKAR BALARAM VISHNU","M","IND",416,NA,NA,4
"Goa_Daman_&_Diu",1984,1,"PANCHWADKER MUKUND GANESH","M","BJP",260,NA,NA,5
"Goa_Daman_&_Diu",1984,1,"PAWAR DURGADAS TUKARAM","M","IND",201,NA,NA,6
"Goa_Daman_&_Diu",1984,1,"HARIJAN BABLO DHONDGO","M","IND",190,NA,NA,7
"Goa_Daman_&_Diu",1984,2,"KHALAP RAMAKANT DATTARAM","M","MAG",6652,NA,NA,1
"Goa_Daman_&_Diu",1984,2,"PARAB GOPAL ATMARAM","M","INC",4667,NA,NA,2
"Goa_Daman_&_Diu",1984,2,"DESHPRABHU RAJENDRA VASUDEV","M","IND",1030,NA,NA,3
"Goa_Daman_&_Diu",1984,2,"SHETGAONKAR RATNAKANT VISHRAM","M","IND",421,NA,NA,4
"Goa_Daman_&_Diu",1984,2,"HARMALKAR NAMDEV SHANKAR","M","CPI",166,NA,NA,5
"Goa_Daman_&_Diu",1984,2,"PHADTE ARJUN KRISHNA","M","IND",53,NA,NA,6
"Goa_Daman_&_Diu",1984,3,"NAIK ASHOK TUKARAM","M","MAG",5967,NA,NA,1
"Goa_Daman_&_Diu",1984,3,"CHODANKAR CHANDRAKANT UTTAM","M","INC",5201,NA,NA,2
"Goa_Daman_&_Diu",1984,3,"NAIK GOPI DATTARAM","M","IND",2188,NA,NA,3
"Goa_Daman_&_Diu",1984,3,"KALANGUTKAR SHAM PUNDOLIK","M","IND",407,NA,NA,4
"Goa_Daman_&_Diu",1984,3,"BHONSLE MADHUKAR RAMNATH","M","IND",329,NA,NA,5
"Goa_Daman_&_Diu",1984,3,"JOSHI DAMODAR VAMAN","M","IND",288,NA,NA,6
"Goa_Daman_&_Diu",1984,3,"D'SOUZA FRANCIS LAWRENCE","M","IND",147,NA,NA,7
"Goa_Daman_&_Diu",1984,3,"PARULEKAR GOPINATH VITHAL","M","IND",113,NA,NA,8
"Goa_Daman_&_Diu",1984,3,"KORGAUNKAR SUBASH RAGHUNATH","M","IND",81,NA,NA,9
"Goa_Daman_&_Diu",1984,3,"D'SOUZA JOHN SANTAN","M","IND",21,NA,NA,10
"Goa_Daman_&_Diu",1984,4,"MALIK SHRIKANT KESHAV","M","MAG",5995,NA,NA,1
"Goa_Daman_&_Diu",1984,4,"D' SOUZA WILFRED A.","M","IND",5765,NA,NA,2
"Goa_Daman_&_Diu",1984,4,"SHIRODKAR VENKATESH RAMACHANDRA","M","INC",3322,NA,NA,3
"Goa_Daman_&_Diu",1984,4,"D'SOUZA VILMA JULIO","F","IND",313,NA,NA,4
"Goa_Daman_&_Diu",1984,4,"TELI TULSIDAS MAAGESH","M","IND",29,NA,NA,5
"Goa_Daman_&_Diu",1984,5,"DIUCAR CHANDRESHKAR SIHIVRAM","M","MAG",4649,NA,NA,1
"Goa_Daman_&_Diu",1984,5,"DHURI ULHAS BHIKU","M","INC",4257,NA,NA,2
"Goa_Daman_&_Diu",1984,5,"NEOGI SYAMSUNDAR JAIRAM","M","IND",3274,NA,NA,3
"Goa_Daman_&_Diu",1984,5,"KOCHKAR CHANDRAKANT SHIVA","M","IND",821,NA,NA,4
"Goa_Daman_&_Diu",1984,5,"CHANDRAKANT JAIRAM","M","BJP",589,NA,NA,5
"Goa_Daman_&_Diu",1984,5,"BRAGANZA URBAN MATHEW","M","IND",253,NA,NA,6
"Goa_Daman_&_Diu",1984,5,"GAITONDE KUMAR SADASHIV","M","IND",140,NA,NA,7
"Goa_Daman_&_Diu",1984,5,"SARDESAI SANJIV GHANASHYAM","M","IND",36,NA,NA,8
"Goa_Daman_&_Diu",1984,6,"NARVEKAR DAYANAND GANESH","M","INC",7858,NA,NA,1
"Goa_Daman_&_Diu",1984,6,"ALVARES GABRIEL FELIX","M","IND",4402,NA,NA,2
"Goa_Daman_&_Diu",1984,6,"POLE PANDARINATH VAMAN","M","MAG",2913,NA,NA,3
"Goa_Daman_&_Diu",1984,6,"D'SOUZA JACINTO CAJETANO","M","BJP",157,NA,NA,4
"Goa_Daman_&_Diu",1984,6,"BANDODKAR SITARAM RAMNATH","M","IND",146,NA,NA,5
"Goa_Daman_&_Diu",1984,6,"HALARNKAR ANIL GAJANAN","M","IND",94,NA,NA,6
"Goa_Daman_&_Diu",1984,6,"FERRAO AGNELO JERJE","M","IND",70,NA,NA,7
"Goa_Daman_&_Diu",1984,7,"PRABHU ZANTYE HARISH NARAYAN","M","INC",8607,NA,NA,1
"Goa_Daman_&_Diu",1984,7,"NAIK VINAYAK VASUDEO","M","MAG",4782,NA,NA,2
"Goa_Daman_&_Diu",1984,7,"TELI ANANT RAMCHANDRA","M","IND",441,NA,NA,3
"Goa_Daman_&_Diu",1984,7,"GADEKAR KAMLAKANT KRISHNA","M","CPM",429,NA,NA,4
"Goa_Daman_&_Diu",1984,7,"MALIK PRABHAKAR ANANT","M","IND",265,NA,NA,5
"Goa_Daman_&_Diu",1984,7,"NAIK GOPI DATTARAM","M","IND",192,NA,NA,6
"Goa_Daman_&_Diu",1984,7,"RAUT VAMAN GOPAL","M","IND",168,NA,NA,7
"Goa_Daman_&_Diu",1984,7,"AMONKAR MOHANDAS GOVIND","M","IND",149,NA,NA,8
"Goa_Daman_&_Diu",1984,8,"VERENKAR CHANDRAKANT VISHWANATH","M","INC",5897,NA,NA,1
"Goa_Daman_&_Diu",1984,8,"PARAB DASHARATH KASHINATH","M","MAG",4184,NA,NA,2
"Goa_Daman_&_Diu",1984,8,"SHENVI SURLEKAR LAXMIKANT SHANTARAM","M","IND",2736,NA,NA,3
"Goa_Daman_&_Diu",1984,8,"GAONKAR BABRUVAHAN NAGESH","M","CPI",608,NA,NA,4
"Goa_Daman_&_Diu",1984,8,"MAULINGKAR ANANT RAMA","M","IND",300,NA,NA,5
"Goa_Daman_&_Diu",1984,8,"KARPE SHANKAR SUBRAI","M","IND",292,NA,NA,6
"Goa_Daman_&_Diu",1984,8,"BHAGAT VITHAL HARICHANDRA","M","IND",195,NA,NA,7
"Goa_Daman_&_Diu",1984,8,"PUTU JAIDEV MORAJKAR","M","IND",128,NA,NA,8
"Goa_Daman_&_Diu",1984,8,"SHENVI AMONKAR PRABHAKAR SHAMBA","M","IND",111,NA,NA,9
"Goa_Daman_&_Diu",1984,8,"GAWAS RAGHUVIR VISHNU","M","IND",81,NA,NA,10
"Goa_Daman_&_Diu",1984,9,"RANE SARDESAR PRATAPSING RAOJI","M","INC",7769,NA,NA,1
"Goa_Daman_&_Diu",1984,9,"SADEKAR VASUDEO JANARDHAN","M","MAG",4639,NA,NA,2
"Goa_Daman_&_Diu",1984,9,"DESAI BABURAO HIROJIROA","M","IND",939,NA,NA,3
"Goa_Daman_&_Diu",1984,9,"GONSALVES VINCY","M","CPI",472,NA,NA,4
"Goa_Daman_&_Diu",1984,9,"MALSENKAR KASEO SHIVA","M","IND",292,NA,NA,5
"Goa_Daman_&_Diu",1984,9,"RANE SARDESSAI SANYOGITA ZAIBA","F","IND",218,NA,NA,6
"Goa_Daman_&_Diu",1984,9,"DESAI PRAKASH SAKHARAM","M","IND",210,NA,NA,7
"Goa_Daman_&_Diu",1984,9,"SHENVI USGAONKAR ATCHUT KASHINATH","M","IND",186,NA,NA,8
"Goa_Daman_&_Diu",1984,10,"GONSALVES JOAO BAPTISTA FLORINO","M","INC",4844,NA,NA,1
"Goa_Daman_&_Diu",1984,10,"NAIK BABAN ANANT","M","MAG",1867,NA,NA,2
"Goa_Daman_&_Diu",1984,10,"MANDREKAR RAMKRISHNA NARSINV","M","IND",1462,NA,NA,3
"Goa_Daman_&_Diu",1984,10,"SHENVI SILIMKHAN PRABHAKAR RAMNATH","M","IND",1021,NA,NA,4
"Goa_Daman_&_Diu",1984,10,"VISHNU NAIK","M","IND",487,NA,NA,5
"Goa_Daman_&_Diu",1984,10,"BIR MADHAV RAMKRISHNA","M","IND",373,NA,NA,6
"Goa_Daman_&_Diu",1984,10,"SARMALKAR JAYPRAKASH GAJANAN","M","BJP",254,NA,NA,7
"Goa_Daman_&_Diu",1984,10,"SARDESAI VAMAN BALKRISHNA","M","IND",80,NA,NA,8
"Goa_Daman_&_Diu",1984,10,"ASHRAF AGHA DAWOOD AGHA","M","IND",74,NA,NA,9
"Goa_Daman_&_Diu",1984,10,"USGAONKAR RAMKRISHNA VASUDEV","M","IND",73,NA,NA,10
"Goa_Daman_&_Diu",1984,10,"SARDESAINARYAN BALWANT","M","IND",24,NA,NA,11
"Goa_Daman_&_Diu",1984,10,"SHINKRE J.J. (PRADEEPCAR)","M","IND",6,NA,NA,12
"Goa_Daman_&_Diu",1984,11,"BRANCO FREANCISCO AFONSO","M","IND",5537,NA,NA,1
"Goa_Daman_&_Diu",1984,11,"MONTEIRO ANTONICIO ANTONIO AGNELO MARCOS","M","INC",2939,NA,NA,2
"Goa_Daman_&_Diu",1984,11,"FERNANDES MICHAEL ANTONIO CARMINO","M","IND",2688,NA,NA,3
"Goa_Daman_&_Diu",1984,11,"FERNANDES VICTOREIA ROMEO","F","JNP",674,NA,NA,4
"Goa_Daman_&_Diu",1984,11,"NAIK MADUSUDAN","M","IND",120,NA,NA,5
"Goa_Daman_&_Diu",1984,11,"SURYAJI SHARADCHANDRA NAVELKAR","M","IND",106,NA,NA,6
"Goa_Daman_&_Diu",1984,11,"KHANDEPARKAR RAVINDRA YESHWANT","M","IND",74,NA,NA,7
"Goa_Daman_&_Diu",1984,11,"DALVI UDAY SUBRAY","M","IND",61,NA,NA,8
"Goa_Daman_&_Diu",1984,11,"FERNANDES AUGUST ESTANSHLAV","M","IND",50,NA,NA,9
"Goa_Daman_&_Diu",1984,11,"VAZHAIL GOPALAN KANNU","M","IND",29,NA,NA,10
"Goa_Daman_&_Diu",1984,11,"BRAGANZA JOAO MINGUEL","M","IND",17,NA,NA,11
"Goa_Daman_&_Diu",1984,11,"NAIK SHIVDAS SONU","M","IND",15,NA,NA,12
"Goa_Daman_&_Diu",1984,12,"JHALMI KASHINATH GOVIND","M","MAG",3721,NA,NA,1
"Goa_Daman_&_Diu",1984,12,"MAHAMBRE PREMANAND PARSHURAM","M","INC",3267,NA,NA,2
"Goa_Daman_&_Diu",1984,12,"ABREU DOMINGO NAPODEAO","M","IND",2237,NA,NA,3
"Goa_Daman_&_Diu",1984,12,"FERNANDES PETER FATIMA JERONIMO","M","IND",1443,NA,NA,4
"Goa_Daman_&_Diu",1984,12,"CHODANKAR VINAYAK DHARMA","M","IND",1368,NA,NA,5
"Goa_Daman_&_Diu",1984,12,"BANDODKAR SITARAM RAMNATH","M","IND",247,NA,NA,6
"Goa_Daman_&_Diu",1984,12,"AFONSO LUIS MANUEL","M","BJP",73,NA,NA,7
"Goa_Daman_&_Diu",1984,12,"LOBO THOMAS ANTONIO","M","IND",72,NA,NA,8
"Goa_Daman_&_Diu",1984,12,"KAULEKAR MANGUESH LAXIMAN","M","IND",31,NA,NA,9
"Goa_Daman_&_Diu",1984,12,"SHET MUKUND MORTU","M","IND",11,NA,NA,10
"Goa_Daman_&_Diu",1984,13,"CONCOLINKAR SRIPAD LAXMIAN","M","INC",4478,NA,NA,1
"Goa_Daman_&_Diu",1984,13,"PEREIRA TEOTONIO FRACISCO PAULO","M","IND",3199,NA,NA,2
"Goa_Daman_&_Diu",1984,13,"SAWANT DASHRATH YESHWANT","M","MAG",1410,NA,NA,3
"Goa_Daman_&_Diu",1984,13,"RODRIGUES AIRES A.F. RAIMUNDO","M","IND",998,NA,NA,4
"Goa_Daman_&_Diu",1984,13,"POPAT KANKONKAR GANESH","M","IND",421,NA,NA,5
"Goa_Daman_&_Diu",1984,13,"KENI DILIP JAGANATH","M","IND",253,NA,NA,6
"Goa_Daman_&_Diu",1984,13,"BHANDRI BHICAJI JANARDHAN","M","IND",190,NA,NA,7
"Goa_Daman_&_Diu",1984,13,"SANTIAGO DIAS","M","CPI",93,NA,NA,8
"Goa_Daman_&_Diu",1984,13,"KANKONKAR GANESH JAIDEV","M","IND",91,NA,NA,9
"Goa_Daman_&_Diu",1984,13,"BETU KRISHNA KAULEKAR","M","IND",78,NA,NA,10
"Goa_Daman_&_Diu",1984,13,"FERNANDES GABRIEL LUIS","M","IND",53,NA,NA,11
"Goa_Daman_&_Diu",1984,13,"ZUAKRAR MANDAKINI","F","IND",33,NA,NA,12
"Goa_Daman_&_Diu",1984,13,"FRANCISCO XAVIER GONSALVES","M","IND",25,NA,NA,13
"Goa_Daman_&_Diu",1984,14,"GAUNKAR BABUSSO SANVLO","M","MAG",6448,NA,NA,1
"Goa_Daman_&_Diu",1984,14,"NAIK SHAMA MAHANANDU","M","INC",4449,NA,NA,2
"Goa_Daman_&_Diu",1984,14,"KAKODKAR SHASHIKALA GURUDUTT","F","IND",1901,NA,NA,3
"Goa_Daman_&_Diu",1984,14,"NAIK RAGHUNATH HARICHANDRA","M","IND",401,NA,NA,4
"Goa_Daman_&_Diu",1984,14,"PARAB KASHINATH BABLI","M","BJP",190,NA,NA,5
"Goa_Daman_&_Diu",1984,14,"GAUDE KRISHNA BETU","M","IND",141,NA,NA,6
"Goa_Daman_&_Diu",1984,14,"NARVENKAR VINAYAK KRISHNA","M","IND",24,NA,NA,7
"Goa_Daman_&_Diu",1984,15,"NAIK RAVI SITARAM","M","MAG",7384,NA,NA,1
"Goa_Daman_&_Diu",1984,15,"NAIK GAUNEKAR ANIL NORSU","M","INC",4762,NA,NA,2
"Goa_Daman_&_Diu",1984,15,"PRABU RAMCHANDRA TUKARAM","M","IND",2655,NA,NA,3
"Goa_Daman_&_Diu",1984,15,"FONSECA ANTHONYU JOSEPH","M","IND",666,NA,NA,4
"Goa_Daman_&_Diu",1984,15,"KORDE MADHAV SHIVRAM","M","BJP",282,NA,NA,5
"Goa_Daman_&_Diu",1984,15,"KAMAT RAVINDRA PANDURANG","M","IND",111,NA,NA,6
"Goa_Daman_&_Diu",1984,15,"DA CRUZ ISIDORO JOAQUIM FENELON","M","IND",88,NA,NA,7
"Goa_Daman_&_Diu",1984,15,"KELEKAR DEVENDRANATH R.","M","IND",32,NA,NA,8
"Goa_Daman_&_Diu",1984,15,"NAIK GAUNEKAR NARENDRA GANESH","M","IND",20,NA,NA,9
"Goa_Daman_&_Diu",1984,16,"SHIRODKER SUBHASH ANKUSH","M","INC",6722,NA,NA,1
"Goa_Daman_&_Diu",1984,16,"SHIRODKAR JAIKRISHNA PUTU","M","IND",3102,NA,NA,2
"Goa_Daman_&_Diu",1984,16,"NAIK GAJANAN TILU","M","MAG",2487,NA,NA,3
"Goa_Daman_&_Diu",1984,16,"D'COSTA AGNEL SEBASTIAO","M","IND",792,NA,NA,4
"Goa_Daman_&_Diu",1984,16,"NAIK LAXMAN BHIKI","M","IND",344,NA,NA,5
"Goa_Daman_&_Diu",1984,16,"SHET SHIRODKAR","M","BJP",328,NA,NA,6
"Goa_Daman_&_Diu",1984,16,"FERNANDES FRANCISCO","M","IND",44,NA,NA,7
"Goa_Daman_&_Diu",1984,16,"NAIK AVADHUR ATMARAM","M","IND",42,NA,NA,8
"Goa_Daman_&_Diu",1984,17,"NAIK PANDU VASSU","M","INC",5553,NA,NA,1
"Goa_Daman_&_Diu",1984,17,"DESSAI MADAVARAO SHIVAJIRAO","M","IND",3510,NA,NA,2
"Goa_Daman_&_Diu",1984,17,"KARMALAKAR VINAYAK DHARMU","M","MAG",2508,NA,NA,3
"Goa_Daman_&_Diu",1984,17,"GAONKAR MADHU NAGU","M","IND",1239,NA,NA,4
"Goa_Daman_&_Diu",1984,17,"NAIK PANDHARI PUNDALIK","M","IND",518,NA,NA,5
"Goa_Daman_&_Diu",1984,17,"NAIK LAVU RAMA","M","IND",455,NA,NA,6
"Goa_Daman_&_Diu",1984,17,"PAVASKAR MANGALDAS ANANT","M","CPI",215,NA,NA,7
"Goa_Daman_&_Diu",1984,17,"NAIK TARI MAGUESH KRISHNA","M","BJP",182,NA,NA,8
"Goa_Daman_&_Diu",1984,17,"D'COSTA JOAQUIM V. LUIS","M","IND",27,NA,NA,9
"Goa_Daman_&_Diu",1984,18,"VELIP PRAKASH SHANKAR","M","MAG",4644,NA,NA,1
"Goa_Daman_&_Diu",1984,18,"PHAL DESSAI SAHNKAR","M","INC",3685,NA,NA,2
"Goa_Daman_&_Diu",1984,18,"FAL DESSAI DINANATH PURSHOTAM","M","IND",1910,NA,NA,3
"Goa_Daman_&_Diu",1984,18,"SAWANT DESSAI RAGHOBA POKKO","M","BJP",660,NA,NA,4
"Goa_Daman_&_Diu",1984,18,"GAONKAR GURGURO GURKO","M","IND",622,NA,NA,5
"Goa_Daman_&_Diu",1984,19,"GAONKAR VASSU PAIK","M","INC",7031,NA,NA,1
"Goa_Daman_&_Diu",1984,19,"KAKODKAR SHASHIKALA GURUDUTT","F","IND",3973,NA,NA,2
"Goa_Daman_&_Diu",1984,19,"KANKONKAR SURESH BHIKU","M","IND",2498,NA,NA,3
"Goa_Daman_&_Diu",1984,19,"FERNANDES MARTINO MENINO","M","IND",699,NA,NA,4
"Goa_Daman_&_Diu",1984,19,"DESSAI PRAKASH SHAMBHA","M","BJP",289,NA,NA,5
"Goa_Daman_&_Diu",1984,19,"FAL DESAI ULHAS SHANTA","M","MAG",174,NA,NA,6
"Goa_Daman_&_Diu",1984,19,"PRABHU SADANAND DAMODAR","M","IND",49,NA,NA,7
"Goa_Daman_&_Diu",1984,20,"VOIKUNT DESSAI","M","INC",5375,NA,NA,1
"Goa_Daman_&_Diu",1984,20,"FERNANDES DOMNIC JOAQUIM","M","IND",4790,NA,NA,2
"Goa_Daman_&_Diu",1984,20,"DINIZ PATRICK","M","MAG",3405,NA,NA,3
"Goa_Daman_&_Diu",1984,20,"ADEL VITHOBA NAGU","M","IND",836,NA,NA,4
"Goa_Daman_&_Diu",1984,20,"MOHAMAD HAKIM YUSUF","M","IND",260,NA,NA,5
"Goa_Daman_&_Diu",1984,20,"HODARKAR VITHU DHAKU","M","BJP",159,NA,NA,6
"Goa_Daman_&_Diu",1984,20,"RODRIGUES THOMAS PAIXAO","M","IND",134,NA,NA,7
"Goa_Daman_&_Diu",1984,20,"NAIK PUNDALIK GOPI","M","CPM",88,NA,NA,8
"Goa_Daman_&_Diu",1984,20,"SHIKA SALAUDIN MAHAMAD","M","IND",63,NA,NA,9
"Goa_Daman_&_Diu",1984,20,"GAUNSO DESSAI MANOHAR VITHOBA","M","IND",24,NA,NA,10
"Goa_Daman_&_Diu",1984,20,"GAONKAR SHANKAR DUCLO","M","IND",21,NA,NA,11
"Goa_Daman_&_Diu",1984,21,"FERNANDES MANU","M","INC",5535,NA,NA,1
"Goa_Daman_&_Diu",1984,21,"NAIQUE DESSAI MOTILAL ROGUNATA","M","IND",2893,NA,NA,2
"Goa_Daman_&_Diu",1984,21,"REBELO FERNDINO ASSIS","M","JNP",2057,NA,NA,3
"Goa_Daman_&_Diu",1984,21,"SILVA MARCUS SEBASTIAO","M","IND",1176,NA,NA,4
"Goa_Daman_&_Diu",1984,21,"DESSAI DATTARAM DEV","M","MAG",792,NA,NA,5
"Goa_Daman_&_Diu",1984,21,"DESSA SATISH","M","IND",145,NA,NA,6
"Goa_Daman_&_Diu",1984,22,"CRUZ FRANCISCO MONTE PIEDADE","M","INC",7280,NA,NA,1
"Goa_Daman_&_Diu",1984,22,"CHURCHIL ALEMAO","M","IND",5555,NA,NA,2
"Goa_Daman_&_Diu",1984,22,"RODRIGUES FRANCISCO CAETAN GILBERTO","M","IND",127,NA,NA,3
"Goa_Daman_&_Diu",1984,22,"FERNANDES CRUZ JOAO MINGUEL","M","IND",31,NA,NA,4
"Goa_Daman_&_Diu",1984,23,"FALEIRO LUIZINHO","M","IND",9126,NA,NA,1
"Goa_Daman_&_Diu",1984,23,"TEMUDO BENEDITO FRANCIS","M","INC",3472,NA,NA,2
"Goa_Daman_&_Diu",1984,23,"NAIK VILAS ANANT","M","BJP",335,NA,NA,3
"Goa_Daman_&_Diu",1984,23,"XAVIER GREGORIO SANTANA","M","MAG",296,NA,NA,4
"Goa_Daman_&_Diu",1984,23,"SHIRODKAR GOKULDAS SHANU","M","IND",176,NA,NA,5
"Goa_Daman_&_Diu",1984,24,"BHEMBRE UDAY LAXMIKANT","M","IND",6132,NA,NA,1
"Goa_Daman_&_Diu",1984,24,"NAIK ANANTA NARCINVA","M","INC",4775,NA,NA,2
"Goa_Daman_&_Diu",1984,24,"FERNANDES GILMAN RADOLFO","M","MAG",359,NA,NA,3
"Goa_Daman_&_Diu",1984,24,"SARMALKAR JITENDRA BASSUDEV","M","JNP",282,NA,NA,4
"Goa_Daman_&_Diu",1984,25,"SARDINHA FRANCISCO CAETANO","M","INC",9452,NA,NA,1
"Goa_Daman_&_Diu",1984,25,"DIAS INACIO CAETANO MARCELINO","M","IND",3787,NA,NA,2
"Goa_Daman_&_Diu",1984,25,"GOMES J. PAULO","M","IND",127,NA,NA,3
"Goa_Daman_&_Diu",1984,25,"LOTLIKAR SOMNATH YESHWANT","M","MAG",120,NA,NA,4
"Goa_Daman_&_Diu",1984,25,"BARBOSA NORMAN RONDOLENCIO","M","IND",44,NA,NA,5
"Goa_Daman_&_Diu",1984,26,"BARBOSA LUIS PROTO","M","INC",4818,NA,NA,1
"Goa_Daman_&_Diu",1984,26,"FERNANDES ANTONIO FRANCISCO PAULO","M","IND",3195,NA,NA,2
"Goa_Daman_&_Diu",1984,26,"DA SILVA ALEIXO MANUEL FRANCISCO RODOLFO","M","IND",2487,NA,NA,3
"Goa_Daman_&_Diu",1984,26,"LOBO LEORNARDO E. JANUARIO","M","MAG",400,NA,NA,4
"Goa_Daman_&_Diu",1984,26,"VERNEKAR VASUDEV GANGADHAR","M","IND",394,NA,NA,5
"Goa_Daman_&_Diu",1984,26,"DIAS PASCOAL","M","IND",118,NA,NA,6
"Goa_Daman_&_Diu",1984,26,"DIAS PASCOAL M. JOSE","M","IND",89,NA,NA,7
"Goa_Daman_&_Diu",1984,27,"D'SOUZA SIMON PETER","M","INC",5865,NA,NA,1
"Goa_Daman_&_Diu",1984,27,"DOURADO HERCULANO TEODORO","M","IND",3171,NA,NA,2
"Goa_Daman_&_Diu",1984,27,"NAIK MAHADEV NARAYAN","M","MAG",2799,NA,NA,3
"Goa_Daman_&_Diu",1984,27,"SALGAONKAR SHANKAR KASHINATH","M","IND",1615,NA,NA,4
"Goa_Daman_&_Diu",1984,27,"SALDANHA MATANDY","M","IND",1412,NA,NA,5
"Goa_Daman_&_Diu",1984,27,"ARLEKAR VISHWANATH NARSOBA","M","BJP",187,NA,NA,6
"Goa_Daman_&_Diu",1984,27,"PERRIERA LUISA GERALDO","F","CPM",112,NA,NA,7
"Goa_Daman_&_Diu",1984,27,"FERNANDES TOLENTIONI DIONISIO","M","IND",46,NA,NA,8
"Goa_Daman_&_Diu",1984,28,"SHAIKH HASSAN HAROON","M","INC",6425,NA,NA,1
"Goa_Daman_&_Diu",1984,28,"AMONKAR PADMANABH HARI","M","MAG",2873,NA,NA,2
"Goa_Daman_&_Diu",1984,28,"DOURADO CAETANO EUSTAQUIO","M","IND",1691,NA,NA,3
"Goa_Daman_&_Diu",1984,28,"MESQUITA WILFERED M.","M","IND",701,NA,NA,4
"Goa_Daman_&_Diu",1984,28,"SALKAR ASHA DAMODAR","F","BJP",425,NA,NA,5
"Goa_Daman_&_Diu",1984,28,"SARDESSAI ANANT BALCHANDRA","M","IND",133,NA,NA,6
"Goa_Daman_&_Diu",1984,28,"MANDREKAR SITARAM SAVALO","M","CPM",127,NA,NA,7
"Goa_Daman_&_Diu",1984,28,"DISAS VICTOR CLAUDE","M","IND",63,NA,NA,8
"Goa_Daman_&_Diu",1984,28,"DO' REGO FRANCISCO MANUEL","M","IND",45,NA,NA,9
"Goa_Daman_&_Diu",1984,28,"GENGUELEKAR ANANT MAHADEV","M","IND",14,NA,NA,10
"Goa_Daman_&_Diu",1984,29,"PRABHAKAR JIVANBHAI SOMABHAI","M","IND",5316,NA,NA,1
"Goa_Daman_&_Diu",1984,29,"PATEL DAHYABHAI VALLABHABHAI","M","IND",3451,NA,NA,2
"Goa_Daman_&_Diu",1984,29,"MHAWLA GULAMHUSEIN RAMZAN","M","IND",2966,NA,NA,3
"Goa_Daman_&_Diu",1984,29,"LOPES MARI FRANCISCO","M","IND",2441,NA,NA,4
"Goa_Daman_&_Diu",1984,29,"TANDEL NARSINHBHAI LALLUBHAI","M","INC",1882,NA,NA,5
"Goa_Daman_&_Diu",1984,29,"BHATHELA MAKANBHAI MORARJI","M","IND",605,NA,NA,6
"Goa_Daman_&_Diu",1984,29,"PAETEL DAYALBHAI LALLUBHAI","M","BJP",545,NA,NA,7
"Goa_Daman_&_Diu",1984,29,"RANA ASHWAINBHAI HIRALAL","M","IND",192,NA,NA,8
"Goa_Daman_&_Diu",1984,29,"KHALAWANDWALA AKBERALI LUKMANJI","M","IND",144,NA,NA,9
"Goa_Daman_&_Diu",1984,29,"PATEL BABUBHAI JAIRAMBHAI","M","IND",98,NA,NA,10
"Goa_Daman_&_Diu",1984,29,"PATEL RAMANBHAI BABUBHAI","M","IND",54,NA,NA,11
"Goa_Daman_&_Diu",1984,29,"MORAES SOUSA JOSE","F","IND",44,NA,NA,12
"Goa_Daman_&_Diu",1984,29,"PATEL DIWALIBEN KESHAVBHAI","M","IND",41,NA,NA,13
"Goa_Daman_&_Diu",1984,29,"FERNANDES ARGEMIRO ANTONIO","M","IND",41,NA,NA,14
"Goa_Daman_&_Diu",1984,29,"MARYAVANSHI VISHNUBHAI FAKIRBHAI","M","IND",39,NA,NA,15
"Goa_Daman_&_Diu",1984,29,"SHAH VINODCHANDRA DHARAMCHAND","M","IND",34,NA,NA,16
"Goa_Daman_&_Diu",1984,29,"BHANDARI MOHAN BHAI DAHYABHAI","M","IND",26,NA,NA,17
"Goa_Daman_&_Diu",1984,29,"KAMLIL KAMUBEN RAMANLAL","F","IND",16,NA,NA,18
"Goa_Daman_&_Diu",1984,30,"SOLANKI SHAMJIBHAI BHIKHA","M","INC",6109,NA,NA,1
"Goa_Daman_&_Diu",1984,30,"FUGRO NARAYAN SHRINIVASS","M","IND",5727,NA,NA,2
"Goa_Daman_&_Diu",1984,30,"KATARIYA MOHANLAL KANJI","M","IND",311,NA,NA,3
