"State_name","Year","AC_no","Position","AC_name","Cand1","EC_Caste","Jati","Caste_Rec","Rel","New.Caste","Old_Jati"
"Arunachal_Pradesh",1978,1,1,"TAWANG-I","KARMA WANGCHU",NA,NA,NA,NA,NA,NA
"Arunachal_Pradesh",1978,1,2,"TAWANG-I","TASHI LAMA",NA,NA,NA,NA,NA,NA
"Arunachal_Pradesh",1978,2,1,"TAWANG - II","TASHI KHANDU",NA,NA,NA,NA,NA,NA
"Arunachal_Pradesh",1978,2,2,"TAWANG - II","TSERING TASHI",NA,NA,NA,NA,NA,NA
"Arunachal_Pradesh",1978,3,1,"DIRANG KALAKTANG","PREM KHANDU THUNGON (UNCONTESTED)",NA,NA,NA,NA,NA,NA
"Arunachal_Pradesh",1978,4,1,"BOMDILA","RINCHIN KHARU",NA,NA,NA,NA,NA,NA
"Arunachal_Pradesh",1978,4,2,"BOMDILA","DORJEE TSERING",NA,NA,NA,NA,NA,NA
"Arunachal_Pradesh",1978,5,1,"SEPPA","DONGLO SONAM",NA,NA,NA,NA,NA,NA
"Arunachal_Pradesh",1978,5,2,"SEPPA","NYARI WELLI",NA,NA,NA,NA,NA,NA
"Arunachal_Pradesh",1978,5,3,"SEPPA","NIMA NOTUNG",NA,NA,NA,NA,NA,NA
"Arunachal_Pradesh",1978,5,4,"SEPPA","SENGNE SENGDE",NA,NA,NA,NA,NA,NA
"Arunachal_Pradesh",1978,6,1,"CHAYANGTAJO","KAMENG DOLO",NA,NA,NA,NA,NA,NA
"Arunachal_Pradesh",1978,6,2,"CHAYANGTAJO","TAME YANGFO",NA,NA,NA,NA,NA,NA
"Arunachal_Pradesh",1978,7,1,"KOLORIANG","CHERA TALO",NA,NA,NA,NA,NA,NA
"Arunachal_Pradesh",1978,7,2,"KOLORIANG","LOKAM TADO",NA,NA,NA,NA,NA,NA
"Arunachal_Pradesh",1978,8,1,"NYAPIN PALIN","TADAR TANG",NA,NA,NA,NA,NA,NA
"Arunachal_Pradesh",1978,8,2,"NYAPIN PALIN","TADAR TANIANG",NA,NA,NA,NA,NA,NA
"Arunachal_Pradesh",1978,9,1,"DOIMUKH SAGALEE","TARA SINDA",NA,NA,NA,NA,NA,NA
"Arunachal_Pradesh",1978,9,2,"DOIMUKH SAGALEE","KHODA TANA",NA,NA,NA,NA,NA,NA
"Arunachal_Pradesh",1978,9,3,"DOIMUKH SAGALEE","TARIN MALO",NA,NA,NA,NA,NA,NA
"Arunachal_Pradesh",1978,9,4,"DOIMUKH SAGALEE","BUDA TANA",NA,NA,NA,NA,NA,NA
"Arunachal_Pradesh",1978,9,5,"DOIMUKH SAGALEE","TEM TAI",NA,NA,NA,NA,NA,NA
"Arunachal_Pradesh",1978,10,1,"ZIRO","PADI YUBBE",NA,NA,NA,NA,NA,NA
"Arunachal_Pradesh",1978,10,2,"ZIRO","GRATI TAKKA",NA,NA,NA,NA,NA,NA
"Arunachal_Pradesh",1978,10,3,"ZIRO","TANYA SALA",NA,NA,NA,NA,NA,NA
"Arunachal_Pradesh",1978,10,4,"ZIRO","TASO GRAYU",NA,NA,NA,NA,NA,NA
"Arunachal_Pradesh",1978,10,5,"ZIRO","BENGIA HEMANTA",NA,NA,NA,NA,NA,NA
"Arunachal_Pradesh",1978,10,6,"ZIRO","HAGE HALEY",NA,NA,NA,NA,NA,NA
"Arunachal_Pradesh",1978,11,1,"RAGA-TALI","NIDO TECHI",NA,NA,NA,NA,NA,NA
"Arunachal_Pradesh",1978,11,2,"RAGA-TALI","BAOTAMO",NA,NA,NA,NA,NA,NA
"Arunachal_Pradesh",1978,12,1,"DAPORIJO","TADAK DULOM",NA,NA,NA,NA,NA,NA
"Arunachal_Pradesh",1978,12,2,"DAPORIJO","TABOM NGUBA",NA,NA,NA,NA,NA,NA
"Arunachal_Pradesh",1978,13,1,"TOKSING TALIHA","TARA PAYENG",NA,NA,NA,NA,NA,NA
"Arunachal_Pradesh",1978,13,2,"TOKSING TALIHA","PAKDA MAYENG",NA,NA,NA,NA,NA,NA
"Arunachal_Pradesh",1978,13,3,"TOKSING TALIHA","TAW CHOKER",NA,NA,NA,NA,NA,NA
"Arunachal_Pradesh",1978,13,4,"TOKSING TALIHA","TAJEN SENGDU",NA,NA,NA,NA,NA,NA
"Arunachal_Pradesh",1978,14,1,"MECHUKA","TADIK CHIJE",NA,NA,NA,NA,NA,NA
"Arunachal_Pradesh",1978,14,2,"MECHUKA","TAPIK RINYA",NA,NA,NA,NA,NA,NA
"Arunachal_Pradesh",1978,14,3,"MECHUKA","PASNAG WANGCHUK SONA",NA,NA,NA,NA,NA,NA
"Arunachal_Pradesh",1978,15,1,"ALONG NORTH","LIUM RONYA",NA,NA,NA,NA,NA,NA
"Arunachal_Pradesh",1978,15,2,"ALONG NORTH","TALONG TAGGU",NA,NA,NA,NA,NA,NA
"Arunachal_Pradesh",1978,15,3,"ALONG NORTH","NYODEK YONGGAM",NA,NA,NA,NA,NA,NA
"Arunachal_Pradesh",1978,16,1,"ALONG SOUTH","BOKEN ETTE",NA,NA,NA,NA,NA,NA
"Arunachal_Pradesh",1978,16,2,"ALONG SOUTH","TUMPAK ETE",NA,NA,NA,NA,NA,NA
"Arunachal_Pradesh",1978,16,3,"ALONG SOUTH","TAKEN RIBA",NA,NA,NA,NA,NA,NA
"Arunachal_Pradesh",1978,16,4,"ALONG SOUTH","TOGUM LOLLEN",NA,NA,NA,NA,NA,NA
"Arunachal_Pradesh",1978,16,5,"ALONG SOUTH","DAGMO JINI",NA,NA,NA,NA,NA,NA
"Arunachal_Pradesh",1978,17,1,"BASAR","TOMO RIBA",NA,NA,NA,NA,NA,NA
"Arunachal_Pradesh",1978,17,2,"BASAR","TADAK BASAR",NA,NA,NA,NA,NA,NA
"Arunachal_Pradesh",1978,18,1,"PALIN","SUTEM TASUNG",NA,NA,NA,NA,NA,NA
"Arunachal_Pradesh",1978,18,2,"PALIN","TARUNG PABIA",NA,NA,NA,NA,NA,NA
"Arunachal_Pradesh",1978,18,3,"PALIN","OPANG MOYONG",NA,NA,NA,NA,NA,NA
"Arunachal_Pradesh",1978,19,1,"YINGKIONG PANGIN","GEGONG APANG",NA,NA,NA,NA,NA,NA
"Arunachal_Pradesh",1978,19,2,"YINGKIONG PANGIN","TAGANG TAKI",NA,NA,NA,NA,NA,NA
"Arunachal_Pradesh",1978,20,1,"MARIYANG MEBO","ONYOK ROME",NA,NA,NA,NA,NA,NA
"Arunachal_Pradesh",1978,20,2,"MARIYANG MEBO","KABANG BORANG",NA,NA,NA,NA,NA,NA
"Arunachal_Pradesh",1978,20,3,"MARIYANG MEBO","MAMIL TAYENG",NA,NA,NA,NA,NA,NA
"Arunachal_Pradesh",1978,21,1,"KOLORIANG","TADE TACHC",NA,NA,NA,NA,NA,NA
"Arunachal_Pradesh",1978,21,2,"KOLORIANG","MUKUT MITHI",NA,NA,NA,NA,NA,NA
"Arunachal_Pradesh",1978,21,3,"KOLORIANG","SOLE LINGGI",NA,NA,NA,NA,NA,NA
"Arunachal_Pradesh",1978,22,1,"ROING","AKEN LEGO",NA,NA,NA,NA,NA,NA
"Arunachal_Pradesh",1978,22,2,"ROING","GORA PARTIN",NA,NA,NA,NA,NA,NA
"Arunachal_Pradesh",1978,22,3,"ROING","NAMO LINGI",NA,NA,NA,NA,NA,NA
"Arunachal_Pradesh",1978,23,1,"NOMSAI CHOWKHAM","CHOW TEWA MIEN",NA,NA,NA,NA,NA,NA
"Arunachal_Pradesh",1978,23,2,"NOMSAI CHOWKHAM","CHAU KHOUK MANPOONG",NA,NA,NA,NA,NA,NA
"Arunachal_Pradesh",1978,23,3,"NOMSAI CHOWKHAM","OMAM DEORI",NA,NA,NA,NA,NA,NA
"Arunachal_Pradesh",1978,23,4,"NOMSAI CHOWKHAM","C.A. GOHAIN",NA,NA,NA,NA,NA,NA
"Arunachal_Pradesh",1978,24,1,"TEZU HAYULIANG","SOBENG TAYENG",NA,NA,NA,NA,NA,NA
"Arunachal_Pradesh",1978,24,2,"TEZU HAYULIANG","YIASING MININ",NA,NA,NA,NA,NA,NA
"Arunachal_Pradesh",1978,25,1,"NOADEHING NAMPONG","JUNGPUM JUGLI",NA,NA,NA,NA,NA,NA
"Arunachal_Pradesh",1978,25,2,"NOADEHING NAMPONG","SAMCHOM NGEMU",NA,NA,NA,NA,NA,NA
"Arunachal_Pradesh",1978,25,3,"NOADEHING NAMPONG","PUYOG TIKHAR",NA,NA,NA,NA,NA,NA
"Arunachal_Pradesh",1978,25,4,"NOADEHING NAMPONG","KOMKOI TAISAM LUNGCHANG",NA,NA,NA,NA,NA,NA
"Arunachal_Pradesh",1978,26,1,"CHANGLANG","TENGAM",NA,NA,NA,NA,NA,NA
"Arunachal_Pradesh",1978,26,2,"CHANGLANG","NONGCHO",NA,NA,NA,NA,NA,NA
"Arunachal_Pradesh",1978,26,3,"CHANGLANG","SAMHONG",NA,NA,NA,NA,NA,NA
"Arunachal_Pradesh",1978,27,1,"KHONSA SOUTH","SIJEN KONGKANG",NA,NA,NA,NA,NA,NA
"Arunachal_Pradesh",1978,27,2,"KHONSA SOUTH","WANGPHA LOWANG",NA,NA,NA,NA,NA,NA
"Arunachal_Pradesh",1978,27,3,"KHONSA SOUTH","T.L. RAJKUMAR",NA,NA,NA,NA,NA,NA
"Arunachal_Pradesh",1978,28,1,"KHONSA NORTH","NOKMEY NAMATI",NA,NA,NA,NA,NA,NA
"Arunachal_Pradesh",1978,28,2,"KHONSA NORTH","WANGLAT LOWANGCHA",NA,NA,NA,NA,NA,NA
"Arunachal_Pradesh",1978,28,3,"KHONSA NORTH","NGONGBEY KANGLOM",NA,NA,NA,NA,NA,NA
"Arunachal_Pradesh",1978,28,4,"KHONSA NORTH","TESA TANGJANG",NA,NA,NA,NA,NA,NA
"Arunachal_Pradesh",1978,29,1,"NIAUSA KANUBARI","NOKSONG BOHAM (UNCONTESTED)",NA,NA,NA,NA,NA,NA
"Arunachal_Pradesh",1978,30,1,"PONGCHAU WAKKA","WNAGNAM WANGSHU",NA,NA,NA,NA,NA,NA
"Arunachal_Pradesh",1978,30,2,"PONGCHAU WAKKA","ACHING",NA,NA,NA,NA,NA,NA
"Arunachal_Pradesh",1980,1,1,"TAWANG I","KARMA WANGOHU",NA,NA,NA,NA,NA,NA
"Arunachal_Pradesh",1980,1,2,"TAWANG I","PEM GOMBU",NA,NA,NA,NA,NA,NA
"Arunachal_Pradesh",1980,2,1,"TAWANG II","TSERING TASHI",NA,NA,NA,NA,NA,NA
"Arunachal_Pradesh",1980,2,2,"TAWANG II","TASHI KHANDU",NA,NA,NA,NA,NA,NA
"Arunachal_Pradesh",1980,2,3,"TAWANG II","PEMA DROGA",NA,NA,NA,NA,NA,NA
"Arunachal_Pradesh",1980,3,1,"DIRANG KALAKTANG","NIMA TSERING RUPA",NA,NA,NA,NA,NA,NA
"Arunachal_Pradesh",1980,3,2,"DIRANG KALAKTANG","DORJEE TSERING SAMPHUNG",NA,NA,NA,NA,NA,NA
"Arunachal_Pradesh",1980,3,3,"DIRANG KALAKTANG","LEI KUNJU DIRANG",NA,NA,NA,NA,NA,NA
"Arunachal_Pradesh",1980,3,4,"DIRANG KALAKTANG","LOBSANG TSERING DIRANG",NA,NA,NA,NA,NA,NA
"Arunachal_Pradesh",1980,3,5,"DIRANG KALAKTANG","DORJEE TSERINGH BOMDILA",NA,NA,NA,NA,NA,NA
"Arunachal_Pradesh",1980,4,1,"BOMDILA","SINAM DUSUSOW BOMDILA",NA,NA,NA,NA,NA,NA
"Arunachal_Pradesh",1980,4,2,"BOMDILA","RINCHIN KHARU NAFRA",NA,NA,NA,NA,NA,NA
"Arunachal_Pradesh",1980,5,1,"SEPPA","NYARI WELLI",NA,NA,NA,NA,NA,NA
"Arunachal_Pradesh",1980,5,2,"SEPPA","MODI SENGI",NA,NA,NA,NA,NA,NA
"Arunachal_Pradesh",1980,5,3,"SEPPA","GOUMSENG RIMO",NA,NA,NA,NA,NA,NA
"Arunachal_Pradesh",1980,6,1,"CHAYANG TAJO","KAMENG DOLO",NA,NA,NA,NA,NA,NA
"Arunachal_Pradesh",1980,6,2,"CHAYANG TAJO","TAME YANGFO",NA,NA,NA,NA,NA,NA
"Arunachal_Pradesh",1980,6,3,"CHAYANG TAJO","LUKUP SONO YANGFO",NA,NA,NA,NA,NA,NA
"Arunachal_Pradesh",1980,6,4,"CHAYANG TAJO","DONGLO SONAM",NA,NA,NA,NA,NA,NA
"Arunachal_Pradesh",1980,7,1,"KALORIANG","LOKAM TADO",NA,NA,NA,NA,NA,NA
"Arunachal_Pradesh",1980,7,2,"KALORIANG","CHERA TALO",NA,NA,NA,NA,NA,NA
"Arunachal_Pradesh",1980,8,1,"NYAPIN PALIN","TADAR TANG",NA,NA,NA,NA,NA,NA
"Arunachal_Pradesh",1980,8,2,"NYAPIN PALIN","TADAR TANIANG",NA,NA,NA,NA,NA,NA
"Arunachal_Pradesh",1980,8,3,"NYAPIN PALIN","TECHI TUKU",NA,NA,NA,NA,NA,NA
"Arunachal_Pradesh",1980,9,1,"DOIMUKH SAGALEE","TECHI TAKAR",NA,NA,NA,NA,NA,NA
"Arunachal_Pradesh",1980,9,2,"DOIMUKH SAGALEE","KHODA TANA",NA,NA,NA,NA,NA,NA
"Arunachal_Pradesh",1980,10,1,"ZIRO","PADI YUBBE",NA,NA,NA,NA,NA,NA
"Arunachal_Pradesh",1980,10,2,"ZIRO","GYATI TAKKA",NA,NA,NA,NA,NA,NA
"Arunachal_Pradesh",1980,10,3,"ZIRO","NEELAM TARAM",NA,NA,NA,NA,NA,NA
"Arunachal_Pradesh",1980,10,4,"ZIRO","TASO GRAYU",NA,NA,NA,NA,NA,NA
"Arunachal_Pradesh",1980,10,5,"ZIRO","NANI CHALLA",NA,NA,NA,NA,NA,NA
"Arunachal_Pradesh",1980,10,6,"ZIRO","KAGO GENDA",NA,NA,NA,NA,NA,NA
"Arunachal_Pradesh",1980,10,7,"ZIRO","HAGE HALEY",NA,NA,NA,NA,NA,NA
"Arunachal_Pradesh",1980,11,1,"RAGA TALI","BOA TAME",NA,NA,NA,NA,NA,NA
"Arunachal_Pradesh",1980,11,2,"RAGA TALI","KABAK MEM",NA,NA,NA,NA,NA,NA
"Arunachal_Pradesh",1980,11,3,"RAGA TALI","RIGIC TADA",NA,NA,NA,NA,NA,NA
"Arunachal_Pradesh",1980,11,4,"RAGA TALI","NIDO TECHI",NA,NA,NA,NA,NA,NA
"Arunachal_Pradesh",1980,12,1,"DAPORIJO","TADAK DULOM",NA,NA,NA,NA,NA,NA
"Arunachal_Pradesh",1980,12,2,"DAPORIJO","KEBOM NGUBA",NA,NA,NA,NA,NA,NA
"Arunachal_Pradesh",1980,12,3,"DAPORIJO","TAPANG GYAMA",NA,NA,NA,NA,NA,NA
"Arunachal_Pradesh",1980,13,1,"TAKSING TALIHA","PUNJI MARA",NA,NA,NA,NA,NA,NA
"Arunachal_Pradesh",1980,13,2,"TAKSING TALIHA","TARA PAYENG",NA,NA,NA,NA,NA,NA
"Arunachal_Pradesh",1980,14,1,"MECHUKA","PASANG WANGCHUK SONA",NA,NA,NA,NA,NA,NA
"Arunachal_Pradesh",1980,14,2,"MECHUKA","TADIK CHIJE",NA,NA,NA,NA,NA,NA
"Arunachal_Pradesh",1980,14,3,"MECHUKA","TAPIK RINYA",NA,NA,NA,NA,NA,NA
"Arunachal_Pradesh",1980,14,4,"MECHUKA","LAMEY PUSANG",NA,NA,NA,NA,NA,NA
"Arunachal_Pradesh",1980,15,1,"ALONG NORTH","TALONG TAGGU",NA,NA,NA,NA,NA,NA
"Arunachal_Pradesh",1980,15,2,"ALONG NORTH","LIJUM RONYA",NA,NA,NA,NA,NA,NA
"Arunachal_Pradesh",1980,16,1,"ALONG SOUTH","TUMPAKETE",NA,NA,NA,NA,NA,NA
"Arunachal_Pradesh",1980,16,2,"ALONG SOUTH","BOKEN ETTE",NA,NA,NA,NA,NA,NA
"Arunachal_Pradesh",1980,16,3,"ALONG SOUTH","TOGUM LOLLEN",NA,NA,NA,NA,NA,NA
"Arunachal_Pradesh",1980,17,1,"BASAR","TOMO RIBA",NA,NA,NA,NA,NA,NA
"Arunachal_Pradesh",1980,17,2,"BASAR","TODAK BASAR",NA,NA,NA,NA,NA,NA
"Arunachal_Pradesh",1980,17,3,"BASAR","TAHUM TAIPODIA",NA,NA,NA,NA,NA,NA
"Arunachal_Pradesh",1980,18,1,"PASIGHAT","TALO KADU",NA,NA,NA,NA,NA,NA
"Arunachal_Pradesh",1980,18,2,"PASIGHAT","TALOM RUKBO",NA,NA,NA,NA,NA,NA
"Arunachal_Pradesh",1980,19,1,"YINGKIONG PANGIN","GEGONG APANG",NA,NA,NA,NA,NA,NA
"Arunachal_Pradesh",1980,19,2,"YINGKIONG PANGIN","BANI DANGGEN",NA,NA,NA,NA,NA,NA
"Arunachal_Pradesh",1980,19,3,"YINGKIONG PANGIN","TAGANG TAKI",NA,NA,NA,NA,NA,NA
"Arunachal_Pradesh",1980,20,1,"MARIYANG MEBO","ONYOK ROME",NA,NA,NA,NA,NA,NA
"Arunachal_Pradesh",1980,20,2,"MARIYANG MEBO","KABANG BORANG",NA,NA,NA,NA,NA,NA
"Arunachal_Pradesh",1980,21,1,"ANINI","TADE TACHO",NA,NA,NA,NA,NA,NA
"Arunachal_Pradesh",1980,21,2,"ANINI","ITA PULU",NA,NA,NA,NA,NA,NA
"Arunachal_Pradesh",1980,22,1,"ROING","AKEN LEGO",NA,NA,NA,NA,NA,NA
"Arunachal_Pradesh",1980,22,2,"ROING","MUKUT MITHI",NA,NA,NA,NA,NA,NA
"Arunachal_Pradesh",1980,22,3,"ROING","BASU PERME",NA,NA,NA,NA,NA,NA
"Arunachal_Pradesh",1980,22,4,"ROING","NAMO LINGI",NA,NA,NA,NA,NA,NA
"Arunachal_Pradesh",1980,23,1,"NAMSAI CHOWKHAM","CHAU KHOUK MANPOONG",NA,NA,NA,NA,NA,NA
"Arunachal_Pradesh",1980,23,2,"NAMSAI CHOWKHAM","CHOW TEWA MIEN",NA,NA,NA,NA,NA,NA
"Arunachal_Pradesh",1980,24,1,"TEZU HAYULIANG","KHAPRISE KRONG",NA,NA,NA,NA,NA,NA
"Arunachal_Pradesh",1980,24,2,"TEZU HAYULIANG","YIASANG MIHIM",NA,NA,NA,NA,NA,NA
"Arunachal_Pradesh",1980,24,3,"TEZU HAYULIANG","S. KRISKRO",NA,NA,NA,NA,NA,NA
"Arunachal_Pradesh",1980,24,4,"TEZU HAYULIANG","SONAILUM KRI",NA,NA,NA,NA,NA,NA
"Arunachal_Pradesh",1980,24,5,"TEZU HAYULIANG","KACHAILUM TAFLAP",NA,NA,NA,NA,NA,NA
"Arunachal_Pradesh",1980,24,6,"TEZU HAYULIANG","TURKHO KRONG",NA,NA,NA,NA,NA,NA
"Arunachal_Pradesh",1980,25,1,"NOADIHING NAMPONG","SAMCHOM NGEMU",NA,NA,NA,NA,NA,NA
"Arunachal_Pradesh",1980,25,2,"NOADIHING NAMPONG","NONGTU LUNGPHI",NA,NA,NA,NA,NA,NA
"Arunachal_Pradesh",1980,25,3,"NOADIHING NAMPONG","SAMHONG REKHUNG",NA,NA,NA,NA,NA,NA
"Arunachal_Pradesh",1980,25,4,"NOADIHING NAMPONG","K. T. LUNGCHANG",NA,NA,NA,NA,NA,NA
"Arunachal_Pradesh",1980,26,1,"CHANGLANG","TENGAM NGEMU",NA,NA,NA,NA,NA,NA
"Arunachal_Pradesh",1980,26,2,"CHANGLANG","KHONGMAN",NA,NA,NA,NA,NA,NA
"Arunachal_Pradesh",1980,26,3,"CHANGLANG","LUNPONG",NA,NA,NA,NA,NA,NA
"Arunachal_Pradesh",1980,26,4,"CHANGLANG","JUNGPOM JUGLI",NA,NA,NA,NA,NA,NA
"Arunachal_Pradesh",1980,27,1,"KHONSA SOUTH","T. L. RAJKUMAR",NA,NA,NA,NA,NA,NA
"Arunachal_Pradesh",1980,27,2,"KHONSA SOUTH","SIJEN KONG KANG",NA,NA,NA,NA,NA,NA
"Arunachal_Pradesh",1980,27,3,"KHONSA SOUTH","WANGLIN",NA,NA,NA,NA,NA,NA
"Arunachal_Pradesh",1980,28,1,"KHONSA NORTH","WANGLAT",NA,NA,NA,NA,NA,NA
"Arunachal_Pradesh",1980,28,2,"KHONSA NORTH","NOKMEY NAMATI",NA,NA,NA,NA,NA,NA
"Arunachal_Pradesh",1980,28,3,"KHONSA NORTH","TONHANG TONGLUK",NA,NA,NA,NA,NA,NA
"Arunachal_Pradesh",1980,28,4,"KHONSA NORTH","ROHANG RAMRA",NA,NA,NA,NA,NA,NA
"Arunachal_Pradesh",1980,29,1,"NIAUSA KANUBARI","WANGHLU WANGSHU",NA,NA,NA,NA,NA,NA
"Arunachal_Pradesh",1980,30,1,"PONGCHOU WAKKA","HAIJEN PONGLAHAM",NA,NA,NA,NA,NA,NA
"Arunachal_Pradesh",1980,30,2,"PONGCHOU WAKKA","ATEM BIHAM",NA,NA,NA,NA,NA,NA
"Arunachal_Pradesh",1980,30,3,"PONGCHOU WAKKA","ACHINGH WANGHAM",NA,NA,NA,NA,NA,NA
"Arunachal_Pradesh",1980,30,4,"PONGCHOU WAKKA","NOKRAM WANGHAM",NA,NA,NA,NA,NA,NA
"Arunachal_Pradesh",1984,1,1,"TAWANG I","KARMA WANGCHU",NA,NA,NA,NA,NA,NA
"Arunachal_Pradesh",1984,1,2,"TAWANG I","TASHI NORBU",NA,NA,NA,NA,NA,NA
"Arunachal_Pradesh",1984,2,1,"TAWANG II","TSERING TASHI",NA,NA,NA,NA,NA,NA
"Arunachal_Pradesh",1984,2,2,"TAWANG II","TSERING CHUKI",NA,NA,NA,NA,NA,NA
"Arunachal_Pradesh",1984,3,1,"DIRANG- KALAKTONG","R.K. KHRIMEY",NA,NA,NA,NA,NA,NA
"Arunachal_Pradesh",1984,3,2,"DIRANG- KALAKTONG","NIMA TSERING KHRIME",NA,NA,NA,NA,NA,NA
"Arunachal_Pradesh",1984,3,3,"DIRANG- KALAKTONG","DORJEE TSERING",NA,NA,NA,NA,NA,NA
"Arunachal_Pradesh",1984,4,1,"BOMDILA","JAPU DERU",NA,NA,NA,NA,NA,NA
"Arunachal_Pradesh",1984,4,2,"BOMDILA","SINAM DUSUSOW",NA,NA,NA,NA,NA,NA
"Arunachal_Pradesh",1984,4,3,"BOMDILA","NARESH GLOW",NA,NA,NA,NA,NA,NA
"Arunachal_Pradesh",1984,4,4,"BOMDILA","RINCHIN KHARU",NA,NA,NA,NA,NA,NA
"Arunachal_Pradesh",1984,4,5,"BOMDILA","CHETEN DROMA",NA,NA,NA,NA,NA,NA
"Arunachal_Pradesh",1984,4,6,"BOMDILA","JAMMU KHYNJIUZU",NA,NA,NA,NA,NA,NA
"Arunachal_Pradesh",1984,5,1,"SEPPA","NYARI WELLI",NA,NA,NA,NA,NA,NA
"Arunachal_Pradesh",1984,5,2,"SEPPA","MAPE DADA",NA,NA,NA,NA,NA,NA
"Arunachal_Pradesh",1984,5,3,"SEPPA","SISHU NATUNG",NA,NA,NA,NA,NA,NA
"Arunachal_Pradesh",1984,5,4,"SEPPA","GAGING DOKA",NA,NA,NA,NA,NA,NA
"Arunachal_Pradesh",1984,5,5,"SEPPA","LUKUP SONO YANGFO",NA,NA,NA,NA,NA,NA
"Arunachal_Pradesh",1984,6,1,"CHAYANGTAJO","KAMENG DOLO",NA,NA,NA,NA,NA,NA
"Arunachal_Pradesh",1984,6,2,"CHAYANGTAJO","MAI SONAM",NA,NA,NA,NA,NA,NA
"Arunachal_Pradesh",1984,7,1,"KOLORIANG","CHERA TALO (UNCONTESTED)",NA,NA,NA,NA,NA,NA
"Arunachal_Pradesh",1984,8,1,"NYAPIN PALIM","TADAR TANG",NA,NA,NA,NA,NA,NA
"Arunachal_Pradesh",1984,8,2,"NYAPIN PALIM","KAMEN RINGU",NA,NA,NA,NA,NA,NA
"Arunachal_Pradesh",1984,8,3,"NYAPIN PALIM","DOZANG TAGING",NA,NA,NA,NA,NA,NA
"Arunachal_Pradesh",1984,8,4,"NYAPIN PALIM","TAI PUNUNG",NA,NA,NA,NA,NA,NA
"Arunachal_Pradesh",1984,8,5,"NYAPIN PALIM","TAKIO SONIA",NA,NA,NA,NA,NA,NA
"Arunachal_Pradesh",1984,9,1,"DOIMUKH-SAGALEE","TECHI TAKAR",NA,NA,NA,NA,NA,NA
"Arunachal_Pradesh",1984,9,2,"DOIMUKH-SAGALEE","NABAM ATUM",NA,NA,NA,NA,NA,NA
"Arunachal_Pradesh",1984,9,3,"DOIMUKH-SAGALEE","TECHI TOKA",NA,NA,NA,NA,NA,NA
"Arunachal_Pradesh",1984,9,4,"DOIMUKH-SAGALEE","TARIN MALLO",NA,NA,NA,NA,NA,NA
"Arunachal_Pradesh",1984,9,5,"DOIMUKH-SAGALEE","HAGE BIDA",NA,NA,NA,NA,NA,NA
"Arunachal_Pradesh",1984,9,6,"DOIMUKH-SAGALEE","M.R. DODUM",NA,NA,NA,NA,NA,NA
"Arunachal_Pradesh",1984,9,7,"DOIMUKH-SAGALEE","O. DAI",NA,NA,NA,NA,NA,NA
"Arunachal_Pradesh",1984,10,1,"ZIRO","GYATI TAKA",NA,NA,NA,NA,NA,NA
"Arunachal_Pradesh",1984,10,2,"ZIRO","PADI YUBE",NA,NA,NA,NA,NA,NA
"Arunachal_Pradesh",1984,10,3,"ZIRO","NEELAM TARAM",NA,NA,NA,NA,NA,NA
"Arunachal_Pradesh",1984,10,4,"ZIRO","BENGIA TOLUM",NA,NA,NA,NA,NA,NA
"Arunachal_Pradesh",1984,10,5,"ZIRO","BAMIN KANO",NA,NA,NA,NA,NA,NA
"Arunachal_Pradesh",1984,11,1,"RIGA-TALI","BOA TAMO",NA,NA,NA,NA,NA,NA
"Arunachal_Pradesh",1984,11,2,"RIGA-TALI","MEM KABAK",NA,NA,NA,NA,NA,NA
"Arunachal_Pradesh",1984,11,3,"RIGA-TALI","NIDO TECHI",NA,NA,NA,NA,NA,NA
"Arunachal_Pradesh",1984,11,4,"RIGA-TALI","TAGRUE TANANG",NA,NA,NA,NA,NA,NA
"Arunachal_Pradesh",1984,11,5,"RIGA-TALI","SOROM TATUP",NA,NA,NA,NA,NA,NA
"Arunachal_Pradesh",1984,11,6,"RIGA-TALI","YORA TANANG",NA,NA,NA,NA,NA,NA
"Arunachal_Pradesh",1984,12,1,"DAPORIJO","TADAK DULOM",NA,NA,NA,NA,NA,NA
"Arunachal_Pradesh",1984,12,2,"DAPORIJO","LARBIN NACHI",NA,NA,NA,NA,NA,NA
"Arunachal_Pradesh",1984,12,3,"DAPORIJO","TATER ULI",NA,NA,NA,NA,NA,NA
"Arunachal_Pradesh",1984,13,1,"DAKSING-TALIHA","PUNJI MARA",NA,NA,NA,NA,NA,NA
"Arunachal_Pradesh",1984,13,2,"DAKSING-TALIHA","TARA PAYENG",NA,NA,NA,NA,NA,NA
"Arunachal_Pradesh",1984,13,3,"DAKSING-TALIHA","TACHE NALO",NA,NA,NA,NA,NA,NA
"Arunachal_Pradesh",1984,14,1,"MACHUKA","TADIK CHIJE",NA,NA,NA,NA,NA,NA
"Arunachal_Pradesh",1984,14,2,"MACHUKA","P.W. SONA",NA,NA,NA,NA,NA,NA
"Arunachal_Pradesh",1984,14,3,"MACHUKA","TASI GADUK",NA,NA,NA,NA,NA,NA
"Arunachal_Pradesh",1984,14,4,"MACHUKA","TANYA MOSING",NA,NA,NA,NA,NA,NA
"Arunachal_Pradesh",1984,14,5,"MACHUKA","TAPIK RINYA",NA,NA,NA,NA,NA,NA
"Arunachal_Pradesh",1984,15,1,"ALONG NORTH","LIJUM RONYA",NA,NA,NA,NA,NA,NA
"Arunachal_Pradesh",1984,15,2,"ALONG NORTH","TALONG TAGGU",NA,NA,NA,NA,NA,NA
"Arunachal_Pradesh",1984,15,3,"ALONG NORTH","TAMYO TAGA",NA,NA,NA,NA,NA,NA
"Arunachal_Pradesh",1984,15,4,"ALONG NORTH","DOYOM LIKAR",NA,NA,NA,NA,NA,NA
"Arunachal_Pradesh",1984,16,1,"ALONG SOUTH","DOI ADO",NA,NA,NA,NA,NA,NA
"Arunachal_Pradesh",1984,16,2,"ALONG SOUTH","BOKEN ETE",NA,NA,NA,NA,NA,NA
"Arunachal_Pradesh",1984,16,3,"ALONG SOUTH","KARDU TAIPODIA",NA,NA,NA,NA,NA,NA
"Arunachal_Pradesh",1984,17,1,"BASAR","TODAK BASAR",NA,NA,NA,NA,NA,NA
"Arunachal_Pradesh",1984,17,2,"BASAR","TAMAR KARLO",NA,NA,NA,NA,NA,NA
"Arunachal_Pradesh",1984,18,1,"PASIGHAT","TAPUM JAMOH",NA,NA,NA,NA,NA,NA
"Arunachal_Pradesh",1984,18,2,"PASIGHAT","TARUNG PABIN",NA,NA,NA,NA,NA,NA
"Arunachal_Pradesh",1984,19,1,"YINGKIONG-PANGIN","GEOGONG APANG",NA,NA,NA,NA,NA,NA
"Arunachal_Pradesh",1984,19,2,"YINGKIONG-PANGIN","TANUNG MIZE",NA,NA,NA,NA,NA,NA
"Arunachal_Pradesh",1984,20,1,"MERIANG-MEBO","BAKIN PERTIN",NA,NA,NA,NA,NA,NA
"Arunachal_Pradesh",1984,20,2,"MERIANG-MEBO","KABANG BORANG",NA,NA,NA,NA,NA,NA
"Arunachal_Pradesh",1984,21,1,"ANINI","TADE TACHO",NA,NA,NA,NA,NA,NA
"Arunachal_Pradesh",1984,21,2,"ANINI","MARU MILI",NA,NA,NA,NA,NA,NA
"Arunachal_Pradesh",1984,21,3,"ANINI","BULI TACHO",NA,NA,NA,NA,NA,NA
"Arunachal_Pradesh",1984,21,4,"ANINI","DATURE MIULI",NA,NA,NA,NA,NA,NA
"Arunachal_Pradesh",1984,22,1,"ROING","MUKUT MITHI",NA,NA,NA,NA,NA,NA
"Arunachal_Pradesh",1984,22,2,"ROING","ABOM BORNAG",NA,NA,NA,NA,NA,NA
"Arunachal_Pradesh",1984,22,3,"ROING","NAMO LINGI",NA,NA,NA,NA,NA,NA
"Arunachal_Pradesh",1984,22,4,"ROING","BIDI LEGO",NA,NA,NA,NA,NA,NA
"Arunachal_Pradesh",1984,23,1,"NAMSAI CHOWKHAM","C.P. NAMSHOOM",NA,NA,NA,NA,NA,NA
"Arunachal_Pradesh",1984,23,2,"NAMSAI CHOWKHAM","CHAU KHOUK MANPOONG",NA,NA,NA,NA,NA,NA
"Arunachal_Pradesh",1984,23,3,"NAMSAI CHOWKHAM","SINAI",NA,NA,NA,NA,NA,NA
"Arunachal_Pradesh",1984,23,4,"NAMSAI CHOWKHAM","G.C. DEORI LAPFROO",NA,NA,NA,NA,NA,NA
"Arunachal_Pradesh",1984,24,1,"TEZU HAYULIANG","KHAPRISO KRONG",NA,NA,NA,NA,NA,NA
"Arunachal_Pradesh",1984,24,2,"TEZU HAYULIANG","SOBENG TAYANG",NA,NA,NA,NA,NA,NA
"Arunachal_Pradesh",1984,24,3,"TEZU HAYULIANG","KHENGYASO KRI",NA,NA,NA,NA,NA,NA
"Arunachal_Pradesh",1984,25,1,"NOADIHING NAMPONG","KAMOLI MOSSANG",NA,NA,NA,NA,NA,NA
"Arunachal_Pradesh",1984,25,2,"NOADIHING NAMPONG","SAMCHOM NGEMU",NA,NA,NA,NA,NA,NA
"Arunachal_Pradesh",1984,25,3,"NOADIHING NAMPONG","YAN TIKHAK",NA,NA,NA,NA,NA,NA
"Arunachal_Pradesh",1984,25,4,"NOADIHING NAMPONG","K.T. LONG CHANG",NA,NA,NA,NA,NA,NA
"Arunachal_Pradesh",1984,26,1,"CHANGLANG","TENGAM NGEMU",NA,NA,NA,NA,NA,NA
"Arunachal_Pradesh",1984,26,2,"CHANGLANG","WANGNIA PONGTE",NA,NA,NA,NA,NA,NA
"Arunachal_Pradesh",1984,26,3,"CHANGLANG","J.P. JUGLI",NA,NA,NA,NA,NA,NA
"Arunachal_Pradesh",1984,27,1,"KHONSA SOUTH","T.L. RAJKUMAR",NA,NA,NA,NA,NA,NA
"Arunachal_Pradesh",1984,27,2,"KHONSA SOUTH","SIJEN KONGKANG",NA,NA,NA,NA,NA,NA
"Arunachal_Pradesh",1984,27,3,"KHONSA SOUTH","HANGLIAM SUMNYAM",NA,NA,NA,NA,NA,NA
"Arunachal_Pradesh",1984,27,4,"KHONSA SOUTH","KHONNYUAK",NA,NA,NA,NA,NA,NA
"Arunachal_Pradesh",1984,28,1,"KHONSA NORTH","KAPCHEN RAJKUMAR",NA,NA,NA,NA,NA,NA
"Arunachal_Pradesh",1984,28,2,"KHONSA NORTH","L. WANGLAT",NA,NA,NA,NA,NA,NA
"Arunachal_Pradesh",1984,28,3,"KHONSA NORTH","W. AJOY RAJKUMAR",NA,NA,NA,NA,NA,NA
"Arunachal_Pradesh",1984,28,4,"KHONSA NORTH","NOKMEY NAMATI",NA,NA,NA,NA,NA,NA
"Arunachal_Pradesh",1984,28,5,"KHONSA NORTH","ROHANG RAMRA",NA,NA,NA,NA,NA,NA
"Arunachal_Pradesh",1984,29,1,"NIAUSA KANUBARI","NOKSONG BOHAM",NA,NA,NA,NA,NA,NA
"Arunachal_Pradesh",1984,29,2,"NIAUSA KANUBARI","RAWANG WANGHAM",NA,NA,NA,NA,NA,NA
"Arunachal_Pradesh",1984,29,3,"NIAUSA KANUBARI","TINGPONG WANGHAM",NA,NA,NA,NA,NA,NA
"Arunachal_Pradesh",1984,29,4,"NIAUSA KANUBARI","WANGNAM WANGSHU",NA,NA,NA,NA,NA,NA
"Arunachal_Pradesh",1984,29,5,"NIAUSA KANUBARI","NEWLAI TINGKHATRA",NA,NA,NA,NA,NA,NA
"Arunachal_Pradesh",1984,29,6,"NIAUSA KANUBARI","NOKSI WANGSU",NA,NA,NA,NA,NA,NA
"Arunachal_Pradesh",1984,29,7,"NIAUSA KANUBARI","PANTOON WANGPAN",NA,NA,NA,NA,NA,NA
"Arunachal_Pradesh",1984,29,8,"NIAUSA KANUBARI","HIAHOI BOR WANGSHU",NA,NA,NA,NA,NA,NA
"Arunachal_Pradesh",1984,29,9,"NIAUSA KANUBARI","LAICHAT ARANGHAM",NA,NA,NA,NA,NA,NA
"Arunachal_Pradesh",1984,29,10,"NIAUSA KANUBARI","ATEM BIHAB",NA,NA,NA,NA,NA,NA
"Arunachal_Pradesh",1984,30,1,"PONGCHOU WAKKA","HEJAM PONGLAHAM",NA,NA,NA,NA,NA,NA
"Arunachal_Pradesh",1984,30,2,"PONGCHOU WAKKA","ANOK",NA,NA,NA,NA,NA,NA
"Arunachal_Pradesh",1984,30,3,"PONGCHOU WAKKA","CHANWANG WANGSA",NA,NA,NA,NA,NA,NA
"Arunachal_Pradesh",1984,30,4,"PONGCHOU WAKKA","NOKRAM WANGHAM",NA,NA,NA,NA,NA,NA
"Arunachal_Pradesh",1990,1,1,"LUMLA","KARMA WANGCHU",NA,NA,NA,NA,NA,NA
"Arunachal_Pradesh",1990,1,2,"LUMLA","RINCHIN NORBU GENGLA",NA,NA,NA,NA,NA,NA
"Arunachal_Pradesh",1990,2,1,"TAWANG","THUPTEN TEMPA (UNCONTESTED)",NA,NA,NA,NA,NA,NA
"Arunachal_Pradesh",1990,3,1,"MUKTO","DORJEE KHANDU (UNCONTESTED)",NA,NA,NA,NA,NA,NA
"Arunachal_Pradesh",1990,4,1,"DIRANG","LOBSANG TSERING",NA,NA,NA,NA,NA,NA
"Arunachal_Pradesh",1990,4,2,"DIRANG","TSERING GYURME",NA,NA,NA,NA,NA,NA
"Arunachal_Pradesh",1990,4,3,"DIRANG","NAMGYAL TSERING",NA,NA,NA,NA,NA,NA
"Arunachal_Pradesh",1990,5,1,"KALAKTANG","RINCHIN KHANDU KHRIMEY",NA,NA,NA,NA,NA,NA
"Arunachal_Pradesh",1990,5,2,"KALAKTANG","DORJEE TSERING",NA,NA,NA,NA,NA,NA
"Arunachal_Pradesh",1990,6,1,"THRIZINO-BURAGAON","SINAM DUSUSOW",NA,NA,NA,NA,NA,NA
"Arunachal_Pradesh",1990,6,2,"THRIZINO-BURAGAON","NIMA TSERING KHRIME",NA,NA,NA,NA,NA,NA
"Arunachal_Pradesh",1990,7,1,"BOMDILA","JAPU DERU",NA,NA,NA,NA,NA,NA
"Arunachal_Pradesh",1990,7,2,"BOMDILA","RINCHIN KHARU",NA,NA,NA,NA,NA,NA
"Arunachal_Pradesh",1990,8,1,"BAMENG","DONGLE SONAM",NA,NA,NA,NA,NA,NA
"Arunachal_Pradesh",1990,8,2,"BAMENG","MAI SONAM",NA,NA,NA,NA,NA,NA
"Arunachal_Pradesh",1990,8,3,"BAMENG","DOKOI JOMO",NA,NA,NA,NA,NA,NA
"Arunachal_Pradesh",1990,9,1,"CHAYANGTAJO","KAMENG DOLO",NA,NA,NA,NA,NA,NA
"Arunachal_Pradesh",1990,9,2,"CHAYANGTAJO","ROPO YANGFO",NA,NA,NA,NA,NA,NA
"Arunachal_Pradesh",1990,10,1,"SEPPA EAST","MEPE DADA",NA,NA,NA,NA,NA,NA
"Arunachal_Pradesh",1990,10,2,"SEPPA EAST","ATUM WELLY",NA,NA,NA,NA,NA,NA
"Arunachal_Pradesh",1990,10,3,"SEPPA EAST","TAKAR TAKU",NA,NA,NA,NA,NA,NA
"Arunachal_Pradesh",1990,11,1,"SEPPA WEST","HARI NATUNG",NA,NA,NA,NA,NA,NA
"Arunachal_Pradesh",1990,11,2,"SEPPA WEST","MATUM RIME",NA,NA,NA,NA,NA,NA
"Arunachal_Pradesh",1990,11,3,"SEPPA WEST","DERA DEGIO",NA,NA,NA,NA,NA,NA
"Arunachal_Pradesh",1990,12,1,"PAKKE-KASANG","DERA NATUNG",NA,NA,NA,NA,NA,NA
"Arunachal_Pradesh",1990,12,2,"PAKKE-KASANG","NATUNG TACHENG",NA,NA,NA,NA,NA,NA
"Arunachal_Pradesh",1990,12,3,"PAKKE-KASANG","LAGU TAYEM",NA,NA,NA,NA,NA,NA
"Arunachal_Pradesh",1990,13,1,"ITANAGAR","LICHI LEGI",NA,NA,NA,NA,NA,NA
"Arunachal_Pradesh",1990,13,2,"ITANAGAR","TECHI TAKUR",NA,NA,NA,NA,NA,NA
"Arunachal_Pradesh",1990,13,3,"ITANAGAR","RAJEN NANI",NA,NA,NA,NA,NA,NA
"Arunachal_Pradesh",1990,13,4,"ITANAGAR","PURA TADO",NA,NA,NA,NA,NA,NA
"Arunachal_Pradesh",1990,13,5,"ITANAGAR","TABA HARE",NA,NA,NA,NA,NA,NA
"Arunachal_Pradesh",1990,14,1,"DOIMUKH","NGURANG TAZAP",NA,NA,NA,NA,NA,NA
"Arunachal_Pradesh",1990,14,2,"DOIMUKH","T.C. TELI",NA,NA,NA,NA,NA,NA
"Arunachal_Pradesh",1990,14,3,"DOIMUKH","TABA TAGAR",NA,NA,NA,NA,NA,NA
"Arunachal_Pradesh",1990,14,4,"DOIMUKH","TER TANA",NA,NA,NA,NA,NA,NA
"Arunachal_Pradesh",1990,15,1,"SAGALEE","TABA HANIYA",NA,NA,NA,NA,NA,NA
"Arunachal_Pradesh",1990,15,2,"SAGALEE","NABAM TUKI",NA,NA,NA,NA,NA,NA
"Arunachal_Pradesh",1990,16,1,"YACHULI","NEELAM TARAM",NA,NA,NA,NA,NA,NA
"Arunachal_Pradesh",1990,16,2,"YACHULI","JORAM TAJING",NA,NA,NA,NA,NA,NA
"Arunachal_Pradesh",1990,17,1,"ZIRO-HAPOLI","PADI YUBBE",NA,NA,NA,NA,NA,NA
"Arunachal_Pradesh",1990,17,2,"ZIRO-HAPOLI","NANI RIBYA",NA,NA,NA,NA,NA,NA
"Arunachal_Pradesh",1990,17,3,"ZIRO-HAPOLI","GYATI TAKKA",NA,NA,NA,NA,NA,NA
"Arunachal_Pradesh",1990,18,1,"PALIN","DUGI TAJIK",NA,NA,NA,NA,NA,NA
"Arunachal_Pradesh",1990,18,2,"PALIN","DOLANG TAGING",NA,NA,NA,NA,NA,NA
"Arunachal_Pradesh",1990,18,3,"PALIN","TARING RANJEEV",NA,NA,NA,NA,NA,NA
"Arunachal_Pradesh",1990,18,4,"PALIN","PATE TATUNG",NA,NA,NA,NA,NA,NA
"Arunachal_Pradesh",1990,19,1,"NYAPIN","TADAR TANIANG",NA,NA,NA,NA,NA,NA
"Arunachal_Pradesh",1990,19,2,"NYAPIN","KAMEN RINGU",NA,NA,NA,NA,NA,NA
"Arunachal_Pradesh",1990,19,3,"NYAPIN","TAI NIKAM",NA,NA,NA,NA,NA,NA
"Arunachal_Pradesh",1990,19,4,"NYAPIN","TADAR TANG",NA,NA,NA,NA,NA,NA
"Arunachal_Pradesh",1990,20,1,"TALI","ZARA TATA",NA,NA,NA,NA,NA,NA
"Arunachal_Pradesh",1990,20,2,"TALI","SOROM TATUP",NA,NA,NA,NA,NA,NA
"Arunachal_Pradesh",1990,20,3,"TALI","HARI TARO",NA,NA,NA,NA,NA,NA
"Arunachal_Pradesh",1990,21,1,"KOLORIANG","CHERA TALO (UNCONTESTED)",NA,NA,NA,NA,NA,NA
"Arunachal_Pradesh",1990,22,1,"NACHO","TANGA BYALING",NA,NA,NA,NA,NA,NA
"Arunachal_Pradesh",1990,22,2,"NACHO","TARING DUI",NA,NA,NA,NA,NA,NA
"Arunachal_Pradesh",1990,22,3,"NACHO","TARIK RAVA",NA,NA,NA,NA,NA,NA
"Arunachal_Pradesh",1990,23,1,"TALIHA","TARA PAYENG",NA,NA,NA,NA,NA,NA
"Arunachal_Pradesh",1990,23,2,"TALIHA","PUNJI MARA",NA,NA,NA,NA,NA,NA
"Arunachal_Pradesh",1990,24,1,"DAPORIJO","TADAK DULOM",NA,NA,NA,NA,NA,NA
"Arunachal_Pradesh",1990,24,2,"DAPORIJO","DAKLO NIDAK",NA,NA,NA,NA,NA,NA
"Arunachal_Pradesh",1990,24,3,"DAPORIJO","TAPEN SIGA",NA,NA,NA,NA,NA,NA
"Arunachal_Pradesh",1990,25,1,"RAGA","TALO MUGLI",NA,NA,NA,NA,NA,NA
"Arunachal_Pradesh",1990,25,2,"RAGA","BOA TAMO",NA,NA,NA,NA,NA,NA
"Arunachal_Pradesh",1990,25,3,"RAGA","RATAN TAMA",NA,NA,NA,NA,NA,NA
"Arunachal_Pradesh",1990,25,4,"RAGA","BIKI TACHO",NA,NA,NA,NA,NA,NA
"Arunachal_Pradesh",1990,26,1,"DAMPORIJO","LARBIN NASI",NA,NA,NA,NA,NA,NA
"Arunachal_Pradesh",1990,26,2,"DAMPORIJO","TOMO RIBA",NA,NA,NA,NA,NA,NA
"Arunachal_Pradesh",1990,26,3,"DAMPORIJO","TAPU RILO",NA,NA,NA,NA,NA,NA
"Arunachal_Pradesh",1990,27,1,"LIROMOBA","LIJUM RONYA",NA,NA,NA,NA,NA,NA
"Arunachal_Pradesh",1990,27,2,"LIROMOBA","JARBOM GAMLIN",NA,NA,NA,NA,NA,NA
"Arunachal_Pradesh",1990,28,1,"LIKABALI","RIMA TAIPODIA",NA,NA,NA,NA,NA,NA
"Arunachal_Pradesh",1990,28,2,"LIKABALI","KARDU TAIPODIA",NA,NA,NA,NA,NA,NA
"Arunachal_Pradesh",1990,29,1,"BASAR","TODAK BASAR",NA,NA,NA,NA,NA,NA
"Arunachal_Pradesh",1990,29,2,"BASAR","TOMO RIBA",NA,NA,NA,NA,NA,NA
"Arunachal_Pradesh",1990,30,1,"ALONG WEST","KIRGE ESHI",NA,NA,NA,NA,NA,NA
"Arunachal_Pradesh",1990,30,2,"ALONG WEST","KENTO ETTE",NA,NA,NA,NA,NA,NA
"Arunachal_Pradesh",1990,31,1,"ALONG EAST","DOI ADO",NA,NA,NA,NA,NA,NA
"Arunachal_Pradesh",1990,31,2,"ALONG EAST","TOGUM LOLLEN",NA,NA,NA,NA,NA,NA
"Arunachal_Pradesh",1990,32,1,"RUMGONG","TAMIYO TAGA",NA,NA,NA,NA,NA,NA
"Arunachal_Pradesh",1990,32,2,"RUMGONG","KARMA JERANG",NA,NA,NA,NA,NA,NA
"Arunachal_Pradesh",1990,32,3,"RUMGONG","TAYI GADUK",NA,NA,NA,NA,NA,NA
"Arunachal_Pradesh",1990,32,4,"RUMGONG","TAJE KOMUT",NA,NA,NA,NA,NA,NA
"Arunachal_Pradesh",1990,32,5,"RUMGONG","TAKA PADUNG",NA,NA,NA,NA,NA,NA
"Arunachal_Pradesh",1990,33,1,"MECHUKA","PASANG WANGCHUK SONA",NA,NA,NA,NA,NA,NA
"Arunachal_Pradesh",1990,33,2,"MECHUKA","TADIK CHIJE",NA,NA,NA,NA,NA,NA
"Arunachal_Pradesh",1990,33,3,"MECHUKA","TAKO KOJE",NA,NA,NA,NA,NA,NA
"Arunachal_Pradesh",1990,34,1,"TUTING-YINGKIONG","GEGONG APANG",NA,NA,NA,NA,NA,NA
"Arunachal_Pradesh",1990,34,2,"TUTING-YINGKIONG","BANI DANGGEN",NA,NA,NA,NA,NA,NA
"Arunachal_Pradesh",1990,35,1,"PANGIN","TAHUNG TATAK",NA,NA,NA,NA,NA,NA
"Arunachal_Pradesh",1990,35,2,"PANGIN","TANYONG TATAK",NA,NA,NA,NA,NA,NA
"Arunachal_Pradesh",1990,35,3,"PANGIN","TABIN TAKI",NA,NA,NA,NA,NA,NA
"Arunachal_Pradesh",1990,35,4,"PANGIN","TAGANG TAKI",NA,NA,NA,NA,NA,NA
"Arunachal_Pradesh",1990,35,5,"PANGIN","TABANG JAMOH",NA,NA,NA,NA,NA,NA
"Arunachal_Pradesh",1990,36,1,"NARI-KOYU","TAKO EABI",NA,NA,NA,NA,NA,NA
"Arunachal_Pradesh",1990,36,2,"NARI-KOYU","TANYA DABI",NA,NA,NA,NA,NA,NA
"Arunachal_Pradesh",1990,37,1,"PASIGHAT WEST","TARUNG PABIN",NA,NA,NA,NA,NA,NA
"Arunachal_Pradesh",1990,37,2,"PASIGHAT WEST","TATONG PADUNG",NA,NA,NA,NA,NA,NA
"Arunachal_Pradesh",1990,38,1,"PASIGHAT EAST","NINONG ERING",NA,NA,NA,NA,NA,NA
"Arunachal_Pradesh",1990,38,2,"PASIGHAT EAST","BAKIN PERTIN",NA,NA,NA,NA,NA,NA
"Arunachal_Pradesh",1990,38,3,"PASIGHAT EAST","OPANG MOYONG",NA,NA,NA,NA,NA,NA
"Arunachal_Pradesh",1990,39,1,"MEBO","LOMBO TAYENG",NA,NA,NA,NA,NA,NA
"Arunachal_Pradesh",1990,39,2,"MEBO","MALIYANG PERME",NA,NA,NA,NA,NA,NA
"Arunachal_Pradesh",1990,39,3,"MEBO","ONYOK ROME",NA,NA,NA,NA,NA,NA
"Arunachal_Pradesh",1990,40,1,"MARIYANG-GEKU","KABANG BORANG",NA,NA,NA,NA,NA,NA
"Arunachal_Pradesh",1990,40,2,"MARIYANG-GEKU","BAKIN PERTIN",NA,NA,NA,NA,NA,NA
"Arunachal_Pradesh",1990,41,1,"ANINI","RAJESH TACHO",NA,NA,NA,NA,NA,NA
"Arunachal_Pradesh",1990,41,2,"ANINI","TADE TACHO",NA,NA,NA,NA,NA,NA
"Arunachal_Pradesh",1990,41,3,"ANINI","MARU MILI",NA,NA,NA,NA,NA,NA
"Arunachal_Pradesh",1990,41,4,"ANINI","TOLOKA MIHU",NA,NA,NA,NA,NA,NA
"Arunachal_Pradesh",1990,42,1,"DAMBUK","BASSU PERME",NA,NA,NA,NA,NA,NA
"Arunachal_Pradesh",1990,42,2,"DAMBUK","MAKPEL PERTIN",NA,NA,NA,NA,NA,NA
"Arunachal_Pradesh",1990,43,1,"ROING","MUKUT MITHI",NA,NA,NA,NA,NA,NA
"Arunachal_Pradesh",1990,43,2,"ROING","NAMO LINGI",NA,NA,NA,NA,NA,NA
"Arunachal_Pradesh",1990,43,3,"ROING","TANGARI LINGI",NA,NA,NA,NA,NA,NA
"Arunachal_Pradesh",1990,44,1,"TEZU","NAKUL CHAI",NA,NA,NA,NA,NA,NA
"Arunachal_Pradesh",1990,44,2,"TEZU","SOBENG TAYANG",NA,NA,NA,NA,NA,NA
"Arunachal_Pradesh",1990,44,3,"TEZU","GESO CHOPEI",NA,NA,NA,NA,NA,NA
"Arunachal_Pradesh",1990,45,1,"HAYULIANG","KHAPRISO KRONG",NA,NA,NA,NA,NA,NA
"Arunachal_Pradesh",1990,45,2,"HAYULIANG","PIOLA KRI",NA,NA,NA,NA,NA,NA
"Arunachal_Pradesh",1990,45,3,"HAYULIANG","SOLI KRI",NA,NA,NA,NA,NA,NA
"Arunachal_Pradesh",1990,46,1,"CHOWKHAM","SOKIO DELLANG",NA,NA,NA,NA,NA,NA
"Arunachal_Pradesh",1990,46,2,"CHOWKHAM","CHOW TEWA MEIN",NA,NA,NA,NA,NA,NA
"Arunachal_Pradesh",1990,46,3,"CHOWKHAM","CHOW CHANDRET GOHAIN",NA,NA,NA,NA,NA,NA
"Arunachal_Pradesh",1990,46,4,"CHOWKHAM","CHOW TIYAT MANJEYKHUN",NA,NA,NA,NA,NA,NA
"Arunachal_Pradesh",1990,47,1,"NAMSAI","C.P. NAMCHOOM",NA,NA,NA,NA,NA,NA
"Arunachal_Pradesh",1990,47,2,"NAMSAI","CHAU KHOUK MANPOONG",NA,NA,NA,NA,NA,NA
"Arunachal_Pradesh",1990,47,3,"NAMSAI","UPA MANSAI",NA,NA,NA,NA,NA,NA
"Arunachal_Pradesh",1990,48,1,"LEKANG","OMEM MOYONG DEORI",NA,NA,NA,NA,NA,NA
"Arunachal_Pradesh",1990,48,2,"LEKANG","CHOWNA MEIN",NA,NA,NA,NA,NA,NA
"Arunachal_Pradesh",1990,49,1,"BORDUMSA- DIYUM","C.C. SINGPHO",NA,NA,NA,NA,NA,NA
"Arunachal_Pradesh",1990,49,2,"BORDUMSA- DIYUM","INNEM GAM SINGPHO",NA,NA,NA,NA,NA,NA
"Arunachal_Pradesh",1990,49,3,"BORDUMSA- DIYUM","SINAI WANGNO",NA,NA,NA,NA,NA,NA
"Arunachal_Pradesh",1990,50,1,"MIAO","SAMCHOM NGEMU",NA,NA,NA,NA,NA,NA
"Arunachal_Pradesh",1990,50,2,"MIAO","KITTANG KITNAL MUKLOM",NA,NA,NA,NA,NA,NA
"Arunachal_Pradesh",1990,51,1,"NAMPONG","KOMOLI MOSANG",NA,NA,NA,NA,NA,NA
"Arunachal_Pradesh",1990,51,2,"NAMPONG","IZMIR TIKHAK",NA,NA,NA,NA,NA,NA
"Arunachal_Pradesh",1990,51,3,"NAMPONG","B.K. CHENA",NA,NA,NA,NA,NA,NA
"Arunachal_Pradesh",1990,52,1,"CHANGLANG SOUTH","TENGAM NGEMU",NA,NA,NA,NA,NA,NA
"Arunachal_Pradesh",1990,52,2,"CHANGLANG SOUTH","KHONGMAT TANGHA",NA,NA,NA,NA,NA,NA
"Arunachal_Pradesh",1990,53,1,"CHANGLANG NORTH","WANGNIA PONGTE",NA,NA,NA,NA,NA,NA
"Arunachal_Pradesh",1990,53,2,"CHANGLANG NORTH","THINGHAP TAIJU",NA,NA,NA,NA,NA,NA
"Arunachal_Pradesh",1990,53,3,"CHANGLANG NORTH","PHOSUM KHIMHUN",NA,NA,NA,NA,NA,NA
"Arunachal_Pradesh",1990,53,4,"CHANGLANG NORTH","KAPSAM",NA,NA,NA,NA,NA,NA
"Arunachal_Pradesh",1990,54,1,"NAMSANG","WANGPHA LOWANG",NA,NA,NA,NA,NA,NA
"Arunachal_Pradesh",1990,54,2,"NAMSANG","NGONGBEY KANGLOM",NA,NA,NA,NA,NA,NA
"Arunachal_Pradesh",1990,54,3,"NAMSANG","HATWANG LOWANG",NA,NA,NA,NA,NA,NA
"Arunachal_Pradesh",1990,55,1,"KHONSA EAST","TL. RAJKUMA",NA,NA,NA,NA,NA,NA
"Arunachal_Pradesh",1990,55,2,"KHONSA EAST","TONHANGTONGLUK",NA,NA,NA,NA,NA,NA
"Arunachal_Pradesh",1990,56,1,"KHONSA WEST","S. KONGKANG",NA,NA,NA,NA,NA,NA
"Arunachal_Pradesh",1990,56,2,"KHONSA WEST","HANGLIAM SUMNYAN",NA,NA,NA,NA,NA,NA
"Arunachal_Pradesh",1990,56,3,"KHONSA WEST","SOMLANG TANGDONG",NA,NA,NA,NA,NA,NA
"Arunachal_Pradesh",1990,57,1,"BORDURIA- BAGAPANI","L. WANGLAT",NA,NA,NA,NA,NA,NA
"Arunachal_Pradesh",1990,57,2,"BORDURIA- BAGAPANI","W.AJAY RAJKUMAR",NA,NA,NA,NA,NA,NA
"Arunachal_Pradesh",1990,58,1,"KANUBARI","NOKSONG BOHAM",NA,NA,NA,NA,NA,NA
"Arunachal_Pradesh",1990,58,2,"KANUBARI","NOKRAM WANGHAM",NA,NA,NA,NA,NA,NA
"Arunachal_Pradesh",1990,58,3,"KANUBARI","NEWLAI TINGKHATRA",NA,NA,NA,NA,NA,NA
"Arunachal_Pradesh",1990,58,4,"KANUBARI","RAWANG WANGHAM",NA,NA,NA,NA,NA,NA
"Arunachal_Pradesh",1990,58,5,"KANUBARI","TONY RAJ KUMAR",NA,NA,NA,NA,NA,NA
"Arunachal_Pradesh",1990,58,6,"KANUBARI","LAICHAT ARANGHAM",NA,NA,NA,NA,NA,NA
"Arunachal_Pradesh",1990,58,7,"KANUBARI","HIAHOI BORWANGSU",NA,NA,NA,NA,NA,NA
"Arunachal_Pradesh",1990,59,1,"LONGDING-PUMAO","LANGFU LUKHAM",NA,NA,NA,NA,NA,NA
"Arunachal_Pradesh",1990,59,2,"LONGDING-PUMAO","TINGPONG WANGHAN",NA,NA,NA,NA,NA,NA
"Arunachal_Pradesh",1990,59,3,"LONGDING-PUMAO","HEJAM PONGLAHAM",NA,NA,NA,NA,NA,NA
"Arunachal_Pradesh",1990,59,4,"LONGDING-PUMAO","PANTUN PANSA",NA,NA,NA,NA,NA,NA
"Arunachal_Pradesh",1990,60,1,"PONGCHAO-WAKKA","ANOK WANGSA",NA,NA,NA,NA,NA,NA
"Arunachal_Pradesh",1990,60,2,"PONGCHAO-WAKKA","WANGMA WANGSA",NA,NA,NA,NA,NA,NA
"Arunachal_Pradesh",1990,60,3,"PONGCHAO-WAKKA","PONGBO WANGSA",NA,NA,NA,NA,NA,NA
"Arunachal_Pradesh",1990,60,4,"PONGCHAO-WAKKA","WANGPOI WANGSA",NA,NA,NA,NA,NA,NA
"Arunachal_Pradesh",1995,1,1,"LUMLA","R.G. RINPOCHE",NA,NA,NA,NA,NA,NA
"Arunachal_Pradesh",1995,1,2,"LUMLA","JAMBEY WANGDI",NA,NA,NA,NA,NA,NA
"Arunachal_Pradesh",1995,1,3,"LUMLA","RINCHIN NORBU GENGLA",NA,NA,NA,NA,NA,NA
"Arunachal_Pradesh",1995,2,1,"TAWANG","THUPTEN TEMPA",NA,NA,NA,NA,NA,NA
"Arunachal_Pradesh",1995,2,2,"TAWANG","THEG TSE RINPOCHE",NA,NA,NA,NA,NA,NA
"Arunachal_Pradesh",1995,3,1,"MUKTO","DORJEE KHANDU",NA,NA,NA,NA,NA,NA
"Arunachal_Pradesh",1995,3,2,"MUKTO","RINCHEN DORJEE",NA,NA,NA,NA,NA,NA
"Arunachal_Pradesh",1995,4,1,"DIRANG","TSERING GYURME",NA,NA,NA,NA,NA,NA
"Arunachal_Pradesh",1995,4,2,"DIRANG","LOBSANG TSERING",NA,NA,NA,NA,NA,NA
"Arunachal_Pradesh",1995,4,3,"DIRANG","SANGJA GOMBU",NA,NA,NA,NA,NA,NA
"Arunachal_Pradesh",1995,5,1,"KALAKTANG","RINCHIN KHANDU KHRIMEY",NA,NA,NA,NA,NA,NA
"Arunachal_Pradesh",1995,5,2,"KALAKTANG","NIMA TSERING KHRIME",NA,NA,NA,NA,NA,NA
"Arunachal_Pradesh",1995,6,1,"THRIZINO-BURAGAON","NARESH GLOW",NA,NA,NA,NA,NA,NA
"Arunachal_Pradesh",1995,6,2,"THRIZINO-BURAGAON","SINAM DUSUSOW",NA,NA,NA,NA,NA,NA
"Arunachal_Pradesh",1995,6,3,"THRIZINO-BURAGAON","GOVARDHON NIMASOW",NA,NA,NA,NA,NA,NA
"Arunachal_Pradesh",1995,6,4,"THRIZINO-BURAGAON","PANGKU",NA,NA,NA,NA,NA,NA
"Arunachal_Pradesh",1995,6,5,"THRIZINO-BURAGAON","MIALI",NA,NA,NA,NA,NA,NA
"Arunachal_Pradesh",1995,7,1,"BOMDILA","JAPU DERU",NA,NA,NA,NA,NA,NA
"Arunachal_Pradesh",1995,7,2,"BOMDILA","R.T. KHUNJUJU",NA,NA,NA,NA,NA,NA
"Arunachal_Pradesh",1995,8,1,"BAMENG","MEDHI DODUM",NA,NA,NA,NA,NA,NA
"Arunachal_Pradesh",1995,8,2,"BAMENG","DONGLO SONAM",NA,NA,NA,NA,NA,NA
"Arunachal_Pradesh",1995,9,1,"CHAYANGTAJO","KAMENG DOLO",NA,NA,NA,NA,NA,NA
"Arunachal_Pradesh",1995,9,2,"CHAYANGTAJO","TAME PHASSANG",NA,NA,NA,NA,NA,NA
"Arunachal_Pradesh",1995,10,1,"SEPPA EAST","BIDA TAKU",NA,NA,NA,NA,NA,NA
"Arunachal_Pradesh",1995,10,2,"SEPPA EAST","ATUM WELLY",NA,NA,NA,NA,NA,NA
"Arunachal_Pradesh",1995,10,3,"SEPPA EAST","MEPE DADA",NA,NA,NA,NA,NA,NA
"Arunachal_Pradesh",1995,11,1,"SEPPA WEST","HARI NOTUNG",NA,NA,NA,NA,NA,NA
"Arunachal_Pradesh",1995,11,2,"SEPPA WEST","RACHOB TABA",NA,NA,NA,NA,NA,NA
"Arunachal_Pradesh",1995,11,3,"SEPPA WEST","SORSOMI DEGIO",NA,NA,NA,NA,NA,NA
"Arunachal_Pradesh",1995,11,4,"SEPPA WEST","AJA NATUNG",NA,NA,NA,NA,NA,NA
"Arunachal_Pradesh",1995,12,1,"PAKKE-KASANG","DERA NATUNG",NA,NA,NA,NA,NA,NA
"Arunachal_Pradesh",1995,12,2,"PAKKE-KASANG","TECHI HEMU",NA,NA,NA,NA,NA,NA
"Arunachal_Pradesh",1995,12,3,"PAKKE-KASANG","AKA TOK",NA,NA,NA,NA,NA,NA
"Arunachal_Pradesh",1995,13,1,"ITANAGAR","LECHI LEGI",NA,NA,NA,NA,NA,NA
"Arunachal_Pradesh",1995,13,2,"ITANAGAR","NABUM REBIA",NA,NA,NA,NA,NA,NA
"Arunachal_Pradesh",1995,13,3,"ITANAGAR","KAMEN RINGU",NA,NA,NA,NA,NA,NA
"Arunachal_Pradesh",1995,13,4,"ITANAGAR","CHAU TAN MANPOONG",NA,NA,NA,NA,NA,NA
"Arunachal_Pradesh",1995,14,1,"DOIMUKH","T.C. TELI",NA,NA,NA,NA,NA,NA
"Arunachal_Pradesh",1995,14,2,"DOIMUKH","NGURANG TAZAP",NA,NA,NA,NA,NA,NA
"Arunachal_Pradesh",1995,15,1,"SAGALEE","NABAM TUKI",NA,NA,NA,NA,NA,NA
"Arunachal_Pradesh",1995,15,2,"SAGALEE","TABA HANIYA",NA,NA,NA,NA,NA,NA
"Arunachal_Pradesh",1995,15,3,"SAGALEE","NABAM TANA HINA",NA,NA,NA,NA,NA,NA
"Arunachal_Pradesh",1995,16,1,"YACHULI","NEELAM TARAM",NA,NA,NA,NA,NA,NA
"Arunachal_Pradesh",1995,16,2,"YACHULI","BIDA TABA GOYEE",NA,NA,NA,NA,NA,NA
"Arunachal_Pradesh",1995,17,1,"ZIRO-HAPOLI","TAPI BATT",NA,NA,NA,NA,NA,NA
"Arunachal_Pradesh",1995,17,2,"ZIRO-HAPOLI","KURU HASANG",NA,NA,NA,NA,NA,NA
"Arunachal_Pradesh",1995,17,3,"ZIRO-HAPOLI","PADI YUBBE",NA,NA,NA,NA,NA,NA
"Arunachal_Pradesh",1995,18,1,"PALIN","TAKAM SANJOY",NA,NA,NA,NA,NA,NA
"Arunachal_Pradesh",1995,18,2,"PALIN","DUGI TAJIK",NA,NA,NA,NA,NA,NA
"Arunachal_Pradesh",1995,18,3,"PALIN","TARING RANJEEV",NA,NA,NA,NA,NA,NA
"Arunachal_Pradesh",1995,18,4,"PALIN","SANJOY TASSAR BAAT",NA,NA,NA,NA,NA,NA
"Arunachal_Pradesh",1995,19,1,"NYAPIN","TADAR TANIANG",NA,NA,NA,NA,NA,NA
"Arunachal_Pradesh",1995,19,2,"NYAPIN","TATTAR KIPA",NA,NA,NA,NA,NA,NA
"Arunachal_Pradesh",1995,19,3,"NYAPIN","TADAR TANG",NA,NA,NA,NA,NA,NA
"Arunachal_Pradesh",1995,20,1,"TALI","ZARA TATA",NA,NA,NA,NA,NA,NA
"Arunachal_Pradesh",1995,20,2,"TALI","RIGIO TACHE",NA,NA,NA,NA,NA,NA
"Arunachal_Pradesh",1995,20,3,"TALI","TAGRU TANA",NA,NA,NA,NA,NA,NA
"Arunachal_Pradesh",1995,20,4,"TALI","HARI TARO",NA,NA,NA,NA,NA,NA
"Arunachal_Pradesh",1995,21,1,"KOLORIANG","KAHFA BENGIA",NA,NA,NA,NA,NA,NA
"Arunachal_Pradesh",1995,21,2,"KOLORIANG","CHERA TALO",NA,NA,NA,NA,NA,NA
"Arunachal_Pradesh",1995,21,3,"KOLORIANG","AUGUNG BENGIA",NA,NA,NA,NA,NA,NA
"Arunachal_Pradesh",1995,22,1,"NACHO","TARIK RAVA",NA,NA,NA,NA,NA,NA
"Arunachal_Pradesh",1995,22,2,"NACHO","TANGA BYALING",NA,NA,NA,NA,NA,NA
"Arunachal_Pradesh",1995,22,3,"NACHO","TARING DUI",NA,NA,NA,NA,NA,NA
"Arunachal_Pradesh",1995,23,1,"TALIHA","PUNJI MARA",NA,NA,NA,NA,NA,NA
"Arunachal_Pradesh",1995,23,2,"TALIHA","TARA PAYENG",NA,NA,NA,NA,NA,NA
"Arunachal_Pradesh",1995,23,3,"TALIHA","NYATO RIGIA",NA,NA,NA,NA,NA,NA
"Arunachal_Pradesh",1995,23,4,"TALIHA","MAGE KAMDA",NA,NA,NA,NA,NA,NA
"Arunachal_Pradesh",1995,24,1,"DAPORIJO","DAKLO NIDAK",NA,NA,NA,NA,NA,NA
"Arunachal_Pradesh",1995,24,2,"DAPORIJO","TADAK DULOM",NA,NA,NA,NA,NA,NA
"Arunachal_Pradesh",1995,25,1,"RAGA","TALO MUGLI",NA,NA,NA,NA,NA,NA
"Arunachal_Pradesh",1995,25,2,"RAGA","LONKU TANIA",NA,NA,NA,NA,NA,NA
"Arunachal_Pradesh",1995,26,1,"DAMPORIJO","TAKAR DONI",NA,NA,NA,NA,NA,NA
"Arunachal_Pradesh",1995,26,2,"DAMPORIJO","TADAM LIDA",NA,NA,NA,NA,NA,NA
"Arunachal_Pradesh",1995,27,1,"LIROMOBA","LIJUM RONYA",NA,NA,NA,NA,NA,NA
"Arunachal_Pradesh",1995,27,2,"LIROMOBA","LIBI YOMGAM",NA,NA,NA,NA,NA,NA
"Arunachal_Pradesh",1995,27,3,"LIROMOBA","TUMTO KAMGO",NA,NA,NA,NA,NA,NA
"Arunachal_Pradesh",1995,28,1,"LIKABALI","KARDU TAIPODIA",NA,NA,NA,NA,NA,NA
"Arunachal_Pradesh",1995,28,2,"LIKABALI","RIMA TAIPODIA",NA,NA,NA,NA,NA,NA
"Arunachal_Pradesh",1995,28,3,"LIKABALI","MEMPAK TASO",NA,NA,NA,NA,NA,NA
"Arunachal_Pradesh",1995,29,1,"BASAR","TOMO RIBA",NA,NA,NA,NA,NA,NA
"Arunachal_Pradesh",1995,29,2,"BASAR","GOJEN GADI",NA,NA,NA,NA,NA,NA
"Arunachal_Pradesh",1995,29,3,"BASAR","DOTUM SORA",NA,NA,NA,NA,NA,NA
"Arunachal_Pradesh",1995,30,1,"ALONG WEST","KENTO ETE",NA,NA,NA,NA,NA,NA
"Arunachal_Pradesh",1995,30,2,"ALONG WEST","KIRGE ESHI",NA,NA,NA,NA,NA,NA
"Arunachal_Pradesh",1995,30,3,"ALONG WEST","MOJI BAGRA",NA,NA,NA,NA,NA,NA
"Arunachal_Pradesh",1995,31,1,"ALONG EAST","DOI ADO",NA,NA,NA,NA,NA,NA
"Arunachal_Pradesh",1995,31,2,"ALONG EAST","GUMLI LOLLEN",NA,NA,NA,NA,NA,NA
"Arunachal_Pradesh",1995,31,3,"ALONG EAST","DAGMO JINI",NA,NA,NA,NA,NA,NA
"Arunachal_Pradesh",1995,31,4,"ALONG EAST","KIDO INGO",NA,NA,NA,NA,NA,NA
"Arunachal_Pradesh",1995,32,1,"RUMGONG","DIBANG TATAK",NA,NA,NA,NA,NA,NA
"Arunachal_Pradesh",1995,32,2,"RUMGONG","TAMIYO TAGA",NA,NA,NA,NA,NA,NA
"Arunachal_Pradesh",1995,32,3,"RUMGONG","TALONG TAGGU",NA,NA,NA,NA,NA,NA
"Arunachal_Pradesh",1995,33,1,"MECHUKA","PASANG WANGCHUK SONA",NA,NA,NA,NA,NA,NA
"Arunachal_Pradesh",1995,33,2,"MECHUKA","TADIK CHIJE",NA,NA,NA,NA,NA,NA
"Arunachal_Pradesh",1995,33,3,"MECHUKA","TANYA MOSING",NA,NA,NA,NA,NA,NA
"Arunachal_Pradesh",1995,34,1,"TUTING-YINKGKIONG","GEGONG APANG",NA,NA,NA,NA,NA,NA
"Arunachal_Pradesh",1995,34,2,"TUTING-YINKGKIONG","OTENG JONGKEY",NA,NA,NA,NA,NA,NA
"Arunachal_Pradesh",1995,35,1,"PANGIN","TAHUNG TATAK",NA,NA,NA,NA,NA,NA
"Arunachal_Pradesh",1995,35,2,"PANGIN","TANYONG TATAK",NA,NA,NA,NA,NA,NA
"Arunachal_Pradesh",1995,35,3,"PANGIN","TABIN TAKI",NA,NA,NA,NA,NA,NA
"Arunachal_Pradesh",1995,35,4,"PANGIN","TAYAM SIRAM",NA,NA,NA,NA,NA,NA
"Arunachal_Pradesh",1995,35,5,"PANGIN","TAMAK TADUK",NA,NA,NA,NA,NA,NA
"Arunachal_Pradesh",1995,36,1,"NARI-KOYU","TAKO DABI",NA,NA,NA,NA,NA,NA
"Arunachal_Pradesh",1995,36,2,"NARI-KOYU","TANYA DABI",NA,NA,NA,NA,NA,NA
"Arunachal_Pradesh",1995,36,3,"NARI-KOYU","YOMRI RIBA",NA,NA,NA,NA,NA,NA
"Arunachal_Pradesh",1995,36,4,"NARI-KOYU","NYALO KADU",NA,NA,NA,NA,NA,NA
"Arunachal_Pradesh",1995,37,1,"PASIGHAT WEST","YADAP APANG",NA,NA,NA,NA,NA,NA
"Arunachal_Pradesh",1995,37,2,"PASIGHAT WEST","TATONG PADUNG",NA,NA,NA,NA,NA,NA
"Arunachal_Pradesh",1995,37,3,"PASIGHAT WEST","TAPANG DARANG",NA,NA,NA,NA,NA,NA
"Arunachal_Pradesh",1995,38,1,"PASIGHAT EAST","TOBAR JAMOH",NA,NA,NA,NA,NA,NA
"Arunachal_Pradesh",1995,38,2,"PASIGHAT EAST","NINONG ERING",NA,NA,NA,NA,NA,NA
"Arunachal_Pradesh",1995,38,3,"PASIGHAT EAST","MATIN DAI",NA,NA,NA,NA,NA,NA
"Arunachal_Pradesh",1995,38,4,"PASIGHAT EAST","TAGAM SIRAM",NA,NA,NA,NA,NA,NA
"Arunachal_Pradesh",1995,39,1,"MEBO","LOMBO TAYENG",NA,NA,NA,NA,NA,NA
"Arunachal_Pradesh",1995,39,2,"MEBO","BAKIN PERTIN",NA,NA,NA,NA,NA,NA
"Arunachal_Pradesh",1995,39,3,"MEBO","NAKLOM MODI",NA,NA,NA,NA,NA,NA
"Arunachal_Pradesh",1995,40,1,"MARIYANG-GEKU","KABANG BORANG",NA,NA,NA,NA,NA,NA
"Arunachal_Pradesh",1995,40,2,"MARIYANG-GEKU","J.K. PANGGENG",NA,NA,NA,NA,NA,NA
"Arunachal_Pradesh",1995,40,3,"MARIYANG-GEKU","APEL PERME",NA,NA,NA,NA,NA,NA
"Arunachal_Pradesh",1995,40,4,"MARIYANG-GEKU","KANGIR JAMOH",NA,NA,NA,NA,NA,NA
"Arunachal_Pradesh",1995,40,5,"MARIYANG-GEKU","DANA PERTIN",NA,NA,NA,NA,NA,NA
"Arunachal_Pradesh",1995,41,1,"ANINI","TADE TACHO",NA,NA,NA,NA,NA,NA
"Arunachal_Pradesh",1995,41,2,"ANINI","RAJESH TACHO",NA,NA,NA,NA,NA,NA
"Arunachal_Pradesh",1995,41,3,"ANINI","PAHA MIMI",NA,NA,NA,NA,NA,NA
"Arunachal_Pradesh",1995,42,1,"DAMBUK","RODING PERTIN",NA,NA,NA,NA,NA,NA
"Arunachal_Pradesh",1995,42,2,"DAMBUK","BIDI LEGO",NA,NA,NA,NA,NA,NA
"Arunachal_Pradesh",1995,43,1,"ROING","MUKUT MITHI",NA,NA,NA,NA,NA,NA
"Arunachal_Pradesh",1995,43,2,"ROING","AKANE LINGGI",NA,NA,NA,NA,NA,NA
"Arunachal_Pradesh",1995,43,3,"ROING","YIREM LINGGI",NA,NA,NA,NA,NA,NA
"Arunachal_Pradesh",1995,43,4,"ROING","NAMO LINGI",NA,NA,NA,NA,NA,NA
"Arunachal_Pradesh",1995,44,1,"TEZU","SOBENG TAYANG",NA,NA,NA,NA,NA,NA
"Arunachal_Pradesh",1995,44,2,"TEZU","SOTAI KRI",NA,NA,NA,NA,NA,NA
"Arunachal_Pradesh",1995,44,3,"TEZU","NAKUL CHAI",NA,NA,NA,NA,NA,NA
"Arunachal_Pradesh",1995,45,1,"HAYULIANG","KALIKHO PUL",NA,NA,NA,NA,NA,NA
"Arunachal_Pradesh",1995,45,2,"HAYULIANG","KHAPRISO KRONG",NA,NA,NA,NA,NA,NA
"Arunachal_Pradesh",1995,46,1,"CHOWKHAM","CHOW TEWA MEIN",NA,NA,NA,NA,NA,NA
"Arunachal_Pradesh",1995,46,2,"CHOWKHAM","INDRAJIT NAMCHOOM",NA,NA,NA,NA,NA,NA
"Arunachal_Pradesh",1995,46,3,"CHOWKHAM","SOKIO DELLANG",NA,NA,NA,NA,NA,NA
"Arunachal_Pradesh",1995,46,4,"CHOWKHAM","TASASO YUN",NA,NA,NA,NA,NA,NA
"Arunachal_Pradesh",1995,47,1,"NAMSAI","CHOW RAJINGDA NAMSHUM",NA,NA,NA,NA,NA,NA
"Arunachal_Pradesh",1995,47,2,"NAMSAI","C.P. NAMCHOOM",NA,NA,NA,NA,NA,NA
"Arunachal_Pradesh",1995,48,1,"LEKANG","CHOWNA MEIN",NA,NA,NA,NA,NA,NA
"Arunachal_Pradesh",1995,48,2,"LEKANG","OMEM MOYONG DEORI",NA,NA,NA,NA,NA,NA
"Arunachal_Pradesh",1995,49,1,"BORDUMSA-DIYUM","C.C. SINGPHO",NA,NA,NA,NA,NA,NA
"Arunachal_Pradesh",1995,49,2,"BORDUMSA-DIYUM","SINGDUNONG SINGPHO",NA,NA,NA,NA,NA,NA
"Arunachal_Pradesh",1995,49,3,"BORDUMSA-DIYUM","INNAOLA ONG SINGPHO",NA,NA,NA,NA,NA,NA
"Arunachal_Pradesh",1995,49,4,"BORDUMSA-DIYUM","SIKHET NONG",NA,NA,NA,NA,NA,NA
"Arunachal_Pradesh",1995,50,1,"MIAO","SAMCHOM NGEMU",NA,NA,NA,NA,NA,NA
"Arunachal_Pradesh",1995,50,2,"MIAO","KAMLUNG MOSANG",NA,NA,NA,NA,NA,NA
"Arunachal_Pradesh",1995,51,1,"NAMPONG","SETONG SENA",NA,NA,NA,NA,NA,NA
"Arunachal_Pradesh",1995,51,2,"NAMPONG","KOMOLI MOSANG",NA,NA,NA,NA,NA,NA
"Arunachal_Pradesh",1995,52,1,"CHANGLANG SOUTH","TENGAM NGEMU",NA,NA,NA,NA,NA,NA
"Arunachal_Pradesh",1995,52,2,"CHANGLANG SOUTH","NGUNGTIM CHANGMI",NA,NA,NA,NA,NA,NA
"Arunachal_Pradesh",1995,53,1,"CHANGLANG NORTH","THINGHAP TAIJU",NA,NA,NA,NA,NA,NA
"Arunachal_Pradesh",1995,53,2,"CHANGLANG NORTH","WANGNIA PONGTE",NA,NA,NA,NA,NA,NA
"Arunachal_Pradesh",1995,54,1,"NAMSANG","WANGCHA RAJKUMAR",NA,NA,NA,NA,NA,NA
"Arunachal_Pradesh",1995,54,2,"NAMSANG","WANGPHA LOWANG",NA,NA,NA,NA,NA,NA
"Arunachal_Pradesh",1995,55,1,"KHONSA EAST","T.L. RAJKUMAR",NA,NA,NA,NA,NA,NA
"Arunachal_Pradesh",1995,55,2,"KHONSA EAST","KAMTHOK LOWANG",NA,NA,NA,NA,NA,NA
"Arunachal_Pradesh",1995,55,3,"KHONSA EAST","WENTAN PHUKSA",NA,NA,NA,NA,NA,NA
"Arunachal_Pradesh",1995,56,1,"KHONSA WEST","SIJEN KONGKANG",NA,NA,NA,NA,NA,NA
"Arunachal_Pradesh",1995,56,2,"KHONSA WEST","WANGDI HAKHUN",NA,NA,NA,NA,NA,NA
"Arunachal_Pradesh",1995,57,1,"BORDURIA- BAGAPANI","LOWANGCHA WANGLAT",NA,NA,NA,NA,NA,NA
"Arunachal_Pradesh",1995,57,2,"BORDURIA- BAGAPANI","DINWANG LOWANG",NA,NA,NA,NA,NA,NA
"Arunachal_Pradesh",1995,58,1,"KANUBARI","NOKSONG BOHAM",NA,NA,NA,NA,NA,NA
"Arunachal_Pradesh",1995,58,2,"KANUBARI","HEJAM PONGLAHAM",NA,NA,NA,NA,NA,NA
"Arunachal_Pradesh",1995,58,3,"KANUBARI","TONY RAJKUMAR",NA,NA,NA,NA,NA,NA
"Arunachal_Pradesh",1995,59,1,"LONGDING-PUMAO","TINGPONG WANGHAM",NA,NA,NA,NA,NA,NA
"Arunachal_Pradesh",1995,59,2,"LONGDING-PUMAO","LANGFU LUKHAM",NA,NA,NA,NA,NA,NA
"Arunachal_Pradesh",1995,60,1,"PONGCHOU-WAKKA","HONCHUN NGANDAM",NA,NA,NA,NA,NA,NA
"Arunachal_Pradesh",1995,60,2,"PONGCHOU-WAKKA","ANOK WANGSA",NA,NA,NA,NA,NA,NA
"Arunachal_Pradesh",1995,60,3,"PONGCHOU-WAKKA","WANGMA WANGSA",NA,NA,NA,NA,NA,NA
"Arunachal_Pradesh",1999,1,1,"LUMLA","T.G. RINPOCHE",NA,NA,NA,NA,NA,NA
"Arunachal_Pradesh",1999,1,2,"LUMLA","SANGE NAWANG",NA,NA,NA,NA,NA,NA
"Arunachal_Pradesh",1999,2,1,"TAWANG","THUPTEN TEMPA",NA,NA,NA,NA,NA,NA
"Arunachal_Pradesh",1999,3,1,"MUKTO","DORJEE KHANDU",NA,NA,NA,NA,NA,NA
"Arunachal_Pradesh",1999,3,2,"MUKTO","THEG TSE RINPOCHE",NA,NA,NA,NA,NA,NA
"Arunachal_Pradesh",1999,4,1,"DIRANG","TSERING GYURME",NA,NA,NA,NA,NA,NA
"Arunachal_Pradesh",1999,4,2,"DIRANG","TONGCHEN JOMBA KHRIMEY",NA,NA,NA,NA,NA,NA
"Arunachal_Pradesh",1999,4,3,"DIRANG","SANGE TSERING",NA,NA,NA,NA,NA,NA
"Arunachal_Pradesh",1999,5,1,"KALAKTANG","D.K. THONGDOK",NA,NA,NA,NA,NA,NA
"Arunachal_Pradesh",1999,5,2,"KALAKTANG","RINCHIN KHANDU KHRIMEY",NA,NA,NA,NA,NA,NA
"Arunachal_Pradesh",1999,5,3,"KALAKTANG","LEIKI WANGCHUK",NA,NA,NA,NA,NA,NA
"Arunachal_Pradesh",1999,6,1,"THRIZINO-BURAGAON","NARESH GLOW",NA,NA,NA,NA,NA,NA
"Arunachal_Pradesh",1999,6,2,"THRIZINO-BURAGAON","GOVARDHON NIMASOW",NA,NA,NA,NA,NA,NA
"Arunachal_Pradesh",1999,7,1,"BOMDILA","JAPU DERU",NA,NA,NA,NA,NA,NA
"Arunachal_Pradesh",1999,7,2,"BOMDILA","R.T. KHUNJUJU",NA,NA,NA,NA,NA,NA
"Arunachal_Pradesh",1999,7,3,"BOMDILA","KHIREN RIJIJU",NA,NA,NA,NA,NA,NA
"Arunachal_Pradesh",1999,8,1,"BAMENG","MEKUP DOLO",NA,NA,NA,NA,NA,NA
"Arunachal_Pradesh",1999,8,2,"BAMENG","MEDI RAM DODUM",NA,NA,NA,NA,NA,NA
"Arunachal_Pradesh",1999,8,3,"BAMENG","TAGE LAPUNG",NA,NA,NA,NA,NA,NA
"Arunachal_Pradesh",1999,9,1,"CHAYANGTAJO","KAMENG DOLO",NA,NA,NA,NA,NA,NA
"Arunachal_Pradesh",1999,9,2,"CHAYANGTAJO","SAMA YANGFO",NA,NA,NA,NA,NA,NA
"Arunachal_Pradesh",1999,9,3,"CHAYANGTAJO","RAJO CHEDA",NA,NA,NA,NA,NA,NA
"Arunachal_Pradesh",1999,10,1,"SEPPA EAST","ATUM VELLY",NA,NA,NA,NA,NA,NA
"Arunachal_Pradesh",1999,10,2,"SEPPA EAST","BIDA TAKO",NA,NA,NA,NA,NA,NA
"Arunachal_Pradesh",1999,11,1,"SEPPA WEST","HARI NOTUNG",NA,NA,NA,NA,NA,NA
"Arunachal_Pradesh",1999,11,2,"SEPPA WEST","TANI LOFFA",NA,NA,NA,NA,NA,NA
"Arunachal_Pradesh",1999,12,1,"PAKKE-KASANG","DERA NATUNG",NA,NA,NA,NA,NA,NA
"Arunachal_Pradesh",1999,12,2,"PAKKE-KASANG","TECHI HEMU",NA,NA,NA,NA,NA,NA
"Arunachal_Pradesh",1999,13,1,"ITANAGAR","LICHI LEGI",NA,NA,NA,NA,NA,NA
"Arunachal_Pradesh",1999,13,2,"ITANAGAR","MALLO TARIN",NA,NA,NA,NA,NA,NA
"Arunachal_Pradesh",1999,13,3,"ITANAGAR","TECHI NERA",NA,NA,NA,NA,NA,NA
"Arunachal_Pradesh",1999,13,4,"ITANAGAR","TECHI NECHA",NA,NA,NA,NA,NA,NA
"Arunachal_Pradesh",1999,13,5,"ITANAGAR","SANJOY TASSAR",NA,NA,NA,NA,NA,NA
"Arunachal_Pradesh",1999,13,6,"ITANAGAR","TADAR TEMPO",NA,NA,NA,NA,NA,NA
"Arunachal_Pradesh",1999,13,7,"ITANAGAR","TECHI BOY",NA,NA,NA,NA,NA,NA
"Arunachal_Pradesh",1999,14,1,"DOIMUKH","T.C. TELI",NA,NA,NA,NA,NA,NA
"Arunachal_Pradesh",1999,14,2,"DOIMUKH","NGURANG PINCH",NA,NA,NA,NA,NA,NA
"Arunachal_Pradesh",1999,14,3,"DOIMUKH","TANA HALI TARA",NA,NA,NA,NA,NA,NA
"Arunachal_Pradesh",1999,14,4,"DOIMUKH","NGURANG TAZAP",NA,NA,NA,NA,NA,NA
"Arunachal_Pradesh",1999,14,5,"DOIMUKH","TABA HARE",NA,NA,NA,NA,NA,NA
"Arunachal_Pradesh",1999,15,1,"SAGALEE","NABAM TUKI",NA,NA,NA,NA,NA,NA
"Arunachal_Pradesh",1999,15,2,"SAGALEE","NABAM NIKIA",NA,NA,NA,NA,NA,NA
"Arunachal_Pradesh",1999,16,1,"YACHULI","JOTOM TOKO TAKAM",NA,NA,NA,NA,NA,NA
"Arunachal_Pradesh",1999,16,2,"YACHULI","NEELAM TARAM",NA,NA,NA,NA,NA,NA
"Arunachal_Pradesh",1999,16,3,"YACHULI","NIKH KAMIN",NA,NA,NA,NA,NA,NA
"Arunachal_Pradesh",1999,17,1,"ZIRO-HAPOLI","PADI RICHO",NA,NA,NA,NA,NA,NA
"Arunachal_Pradesh",1999,17,2,"ZIRO-HAPOLI","NANI RIBIA",NA,NA,NA,NA,NA,NA
"Arunachal_Pradesh",1999,17,3,"ZIRO-HAPOLI","TAPI BATT",NA,NA,NA,NA,NA,NA
"Arunachal_Pradesh",1999,17,4,"ZIRO-HAPOLI","KURU HASANG",NA,NA,NA,NA,NA,NA
"Arunachal_Pradesh",1999,18,1,"PALIN","TAKAM SANJOY",NA,NA,NA,NA,NA,NA
"Arunachal_Pradesh",1999,18,2,"PALIN","CHARU TUGLO",NA,NA,NA,NA,NA,NA
"Arunachal_Pradesh",1999,18,3,"PALIN","BIKI TAMANG",NA,NA,NA,NA,NA,NA
"Arunachal_Pradesh",1999,18,4,"PALIN","DUGI TAJIK",NA,NA,NA,NA,NA,NA
"Arunachal_Pradesh",1999,19,1,"NYAPIN","TATAR KIPA",NA,NA,NA,NA,NA,NA
"Arunachal_Pradesh",1999,19,2,"NYAPIN","TAKO CHANGRIANG",NA,NA,NA,NA,NA,NA
"Arunachal_Pradesh",1999,20,1,"TALI","TAKAM SORANG",NA,NA,NA,NA,NA,NA
"Arunachal_Pradesh",1999,20,2,"TALI","TARANG TAGRU",NA,NA,NA,NA,NA,NA
"Arunachal_Pradesh",1999,20,3,"TALI","LANGPU TALLAR",NA,NA,NA,NA,NA,NA
"Arunachal_Pradesh",1999,21,1,"KOLORIANG","KAHFA BENGIA",NA,NA,NA,NA,NA,NA
"Arunachal_Pradesh",1999,21,2,"KOLORIANG","LOKAM TASAR",NA,NA,NA,NA,NA,NA
"Arunachal_Pradesh",1999,22,1,"NACHO","TANGA BYALING",NA,NA,NA,NA,NA,NA
"Arunachal_Pradesh",1999,22,2,"NACHO","TARING DUI",NA,NA,NA,NA,NA,NA
"Arunachal_Pradesh",1999,22,3,"NACHO","TAI RAI",NA,NA,NA,NA,NA,NA
"Arunachal_Pradesh",1999,22,4,"NACHO","TARIK RAVA",NA,NA,NA,NA,NA,NA
"Arunachal_Pradesh",1999,23,1,"TALIHA","NYATO RIGIA",NA,NA,NA,NA,NA,NA
"Arunachal_Pradesh",1999,23,2,"TALIHA","PUNJI MARA",NA,NA,NA,NA,NA,NA
"Arunachal_Pradesh",1999,23,3,"TALIHA","MAGE KAMDA",NA,NA,NA,NA,NA,NA
"Arunachal_Pradesh",1999,23,4,"TALIHA","TARA PAYENG",NA,NA,NA,NA,NA,NA
"Arunachal_Pradesh",1999,24,1,"DAPORIJO","TADAK DULOM",NA,NA,NA,NA,NA,NA
"Arunachal_Pradesh",1999,24,2,"DAPORIJO","DAKLO NIDAK",NA,NA,NA,NA,NA,NA
"Arunachal_Pradesh",1999,24,3,"DAPORIJO","TAPEN SIGA",NA,NA,NA,NA,NA,NA
"Arunachal_Pradesh",1999,25,1,"RAGA","TALO MUGLI",NA,NA,NA,NA,NA,NA
"Arunachal_Pradesh",1999,25,2,"RAGA","KABAK TACHO",NA,NA,NA,NA,NA,NA
"Arunachal_Pradesh",1999,25,3,"RAGA","TALUM BABLA",NA,NA,NA,NA,NA,NA
"Arunachal_Pradesh",1999,25,4,"RAGA","GUCHI TAMAR",NA,NA,NA,NA,NA,NA
"Arunachal_Pradesh",1999,26,1,"DAMPORIJO","TAKAR MARDE",NA,NA,NA,NA,NA,NA
"Arunachal_Pradesh",1999,26,2,"DAMPORIJO","TAKAR DONI",NA,NA,NA,NA,NA,NA
"Arunachal_Pradesh",1999,27,1,"LIROMOBA","LIJUM RONYA",NA,NA,NA,NA,NA,NA
"Arunachal_Pradesh",1999,27,2,"LIROMOBA","GEGONG APANG",NA,NA,NA,NA,NA,NA
"Arunachal_Pradesh",1999,28,1,"LIKABALI","RIMA TAIPODIA",NA,NA,NA,NA,NA,NA
"Arunachal_Pradesh",1999,28,2,"LIKABALI","JOMDE KENA",NA,NA,NA,NA,NA,NA
"Arunachal_Pradesh",1999,28,3,"LIKABALI","KARDU TAIPODIA",NA,NA,NA,NA,NA,NA
"Arunachal_Pradesh",1999,28,4,"LIKABALI","MIKAR NYORI",NA,NA,NA,NA,NA,NA
"Arunachal_Pradesh",1999,28,5,"LIKABALI","TAHUM TAIPODIA",NA,NA,NA,NA,NA,NA
"Arunachal_Pradesh",1999,29,1,"BASAR","EKEN RIBA",NA,NA,NA,NA,NA,NA
"Arunachal_Pradesh",1999,29,2,"BASAR","GOJEN GADI",NA,NA,NA,NA,NA,NA
"Arunachal_Pradesh",1999,29,3,"BASAR","JOBOM BASAR",NA,NA,NA,NA,NA,NA
"Arunachal_Pradesh",1999,29,4,"BASAR","GOKAR LOMBI",NA,NA,NA,NA,NA,NA
"Arunachal_Pradesh",1999,30,1,"ALONG WEST","KENTO ETE",NA,NA,NA,NA,NA,NA
"Arunachal_Pradesh",1999,30,2,"ALONG WEST","KIRGE ESHI",NA,NA,NA,NA,NA,NA
"Arunachal_Pradesh",1999,31,1,"ALONG EAST","KITO SORA",NA,NA,NA,NA,NA,NA
"Arunachal_Pradesh",1999,31,2,"ALONG EAST","GUMLI LOLLEN",NA,NA,NA,NA,NA,NA
"Arunachal_Pradesh",1999,31,3,"ALONG EAST","DOI ADO",NA,NA,NA,NA,NA,NA
"Arunachal_Pradesh",1999,32,1,"RUMGONG","TAMIYO TAGA",NA,NA,NA,NA,NA,NA
"Arunachal_Pradesh",1999,32,2,"RUMGONG","DIBANG TATAK",NA,NA,NA,NA,NA,NA
"Arunachal_Pradesh",1999,32,3,"RUMGONG","KARMA JERANG",NA,NA,NA,NA,NA,NA
"Arunachal_Pradesh",1999,33,1,"MECHUKA","TADIK CHIJE",NA,NA,NA,NA,NA,NA
"Arunachal_Pradesh",1999,33,2,"MECHUKA","PASANG WANGCHUK SONA",NA,NA,NA,NA,NA,NA
"Arunachal_Pradesh",1999,34,1,"TUTING-YINKGKIONG","GEGONG APANG",NA,NA,NA,NA,NA,NA
"Arunachal_Pradesh",1999,34,2,"TUTING-YINKGKIONG","ANONG JONGKEY",NA,NA,NA,NA,NA,NA
"Arunachal_Pradesh",1999,35,1,"PANGIN","TANYONG TATAK",NA,NA,NA,NA,NA,NA
"Arunachal_Pradesh",1999,35,2,"PANGIN","TAPANG TALOH",NA,NA,NA,NA,NA,NA
"Arunachal_Pradesh",1999,35,3,"PANGIN","TAHUNG TATAK",NA,NA,NA,NA,NA,NA
"Arunachal_Pradesh",1999,36,1,"NARI-KOYU","TAKO DABI",NA,NA,NA,NA,NA,NA
"Arunachal_Pradesh",1999,36,2,"NARI-KOYU","TAJUM RINGU",NA,NA,NA,NA,NA,NA
"Arunachal_Pradesh",1999,36,3,"NARI-KOYU","TALAR DOYE",NA,NA,NA,NA,NA,NA
"Arunachal_Pradesh",1999,37,1,"PASIGHAT WEST","TANGOR TAPAK",NA,NA,NA,NA,NA,NA
"Arunachal_Pradesh",1999,37,2,"PASIGHAT WEST","YADAP APANG",NA,NA,NA,NA,NA,NA
"Arunachal_Pradesh",1999,37,3,"PASIGHAT WEST","TAMAT JONNOM",NA,NA,NA,NA,NA,NA
"Arunachal_Pradesh",1999,38,1,"PASIGHAT EAST","NINONG ERING",NA,NA,NA,NA,NA,NA
"Arunachal_Pradesh",1999,38,2,"PASIGHAT EAST","BOSIRAM SIRAM",NA,NA,NA,NA,NA,NA
"Arunachal_Pradesh",1999,38,3,"PASIGHAT EAST","ONOM TAKNYO",NA,NA,NA,NA,NA,NA
"Arunachal_Pradesh",1999,39,1,"MEBO","LOMBO TAYENG",NA,NA,NA,NA,NA,NA
"Arunachal_Pradesh",1999,39,2,"MEBO","KATON BORANG",NA,NA,NA,NA,NA,NA
"Arunachal_Pradesh",1999,39,3,"MEBO","TOMKIN BORANG",NA,NA,NA,NA,NA,NA
"Arunachal_Pradesh",1999,40,1,"MARIYANG-GEKU","KABANG BORANG",NA,NA,NA,NA,NA,NA
"Arunachal_Pradesh",1999,40,2,"MARIYANG-GEKU","J.K. PANGGENG",NA,NA,NA,NA,NA,NA
"Arunachal_Pradesh",1999,40,3,"MARIYANG-GEKU","RAISING PERME",NA,NA,NA,NA,NA,NA
"Arunachal_Pradesh",1999,42,1,"DAMBUK","RODING PERTIN",NA,NA,NA,NA,NA,NA
"Arunachal_Pradesh",1999,42,2,"DAMBUK","TONY PERTIN",NA,NA,NA,NA,NA,NA
"Arunachal_Pradesh",1999,43,1,"ROING","MUKUT MITHI",NA,NA,NA,NA,NA,NA
"Arunachal_Pradesh",1999,44,1,"TEZU","NAKUL CHAI",NA,NA,NA,NA,NA,NA
"Arunachal_Pradesh",1999,44,2,"TEZU","KARIKHO KRI",NA,NA,NA,NA,NA,NA
"Arunachal_Pradesh",1999,44,3,"TEZU","KHAPRISO KRONG",NA,NA,NA,NA,NA,NA
"Arunachal_Pradesh",1999,44,4,"TEZU","OJIMSO TAYANG",NA,NA,NA,NA,NA,NA
"Arunachal_Pradesh",1999,44,5,"TEZU","JOHNUM MANYU",NA,NA,NA,NA,NA,NA
"Arunachal_Pradesh",1999,45,1,"HAUYULIANG","KALIKHO PUL",NA,NA,NA,NA,NA,NA
"Arunachal_Pradesh",1999,45,2,"HAUYULIANG","KHUJE DRAI",NA,NA,NA,NA,NA,NA
"Arunachal_Pradesh",1999,45,3,"HAUYULIANG","CHANDOLUM CHIRA",NA,NA,NA,NA,NA,NA
"Arunachal_Pradesh",1999,46,1,"CHOWKHAM","INDRAJIT NAMCHOOM",NA,NA,NA,NA,NA,NA
"Arunachal_Pradesh",1999,46,2,"CHOWKHAM","CHOW TEWA MEIN",NA,NA,NA,NA,NA,NA
"Arunachal_Pradesh",1999,46,3,"CHOWKHAM","TASASO YUN",NA,NA,NA,NA,NA,NA
"Arunachal_Pradesh",1999,47,1,"NAMSAI","C.P. NAMCHOOM",NA,NA,NA,NA,NA,NA
"Arunachal_Pradesh",1999,47,2,"NAMSAI","CHOW EMPU CHOWPOO",NA,NA,NA,NA,NA,NA
"Arunachal_Pradesh",1999,47,3,"NAMSAI","CHOWLIK MANPOONG",NA,NA,NA,NA,NA,NA
"Arunachal_Pradesh",1999,47,4,"NAMSAI","CHAU TAN MANPOONG",NA,NA,NA,NA,NA,NA
"Arunachal_Pradesh",1999,48,1,"LEKANG","CHOW NA MEIN",NA,NA,NA,NA,NA,NA
"Arunachal_Pradesh",1999,48,2,"LEKANG","SOTAI KRI",NA,NA,NA,NA,NA,NA
"Arunachal_Pradesh",1999,49,1,"BORDUMSA-DIYUM","C.C. SINGPHO",NA,NA,NA,NA,NA,NA
"Arunachal_Pradesh",1999,49,2,"BORDUMSA-DIYUM","KHUMRAL LUNGPHI",NA,NA,NA,NA,NA,NA
"Arunachal_Pradesh",1999,49,3,"BORDUMSA-DIYUM","SIONGAM SINGPHO",NA,NA,NA,NA,NA,NA
"Arunachal_Pradesh",1999,49,4,"BORDUMSA-DIYUM","SINGDU NONG SINGPHO",NA,NA,NA,NA,NA,NA
"Arunachal_Pradesh",1999,49,5,"BORDUMSA-DIYUM","CHOWSENG MONG SINGPHO",NA,NA,NA,NA,NA,NA
"Arunachal_Pradesh",1999,50,1,"MIAO","SAMCHOM NGEMU",NA,NA,NA,NA,NA,NA
"Arunachal_Pradesh",1999,50,2,"MIAO","KAMLUNG MOSANG",NA,NA,NA,NA,NA,NA
"Arunachal_Pradesh",1999,51,1,"NAMPONG","SETONG SENA",NA,NA,NA,NA,NA,NA
"Arunachal_Pradesh",1999,51,2,"NAMPONG","KOMOLI MOSANG",NA,NA,NA,NA,NA,NA
"Arunachal_Pradesh",1999,52,1,"CHANGLANG SOUTH","PHOSUM KHIMHUN",NA,NA,NA,NA,NA,NA
"Arunachal_Pradesh",1999,52,2,"CHANGLANG SOUTH","NGUNGTIM CHANGMI",NA,NA,NA,NA,NA,NA
"Arunachal_Pradesh",1999,53,1,"CHANGLANG NORTH","THINGHAP TAIJU",NA,NA,NA,NA,NA,NA
"Arunachal_Pradesh",1999,53,2,"CHANGLANG NORTH","WANGNIA PONGTE",NA,NA,NA,NA,NA,NA
"Arunachal_Pradesh",1999,53,3,"CHANGLANG NORTH","TENGAM NGEMU",NA,NA,NA,NA,NA,NA
"Arunachal_Pradesh",1999,54,1,"NAMSANG","WANGKI LOWANG",NA,NA,NA,NA,NA,NA
"Arunachal_Pradesh",1999,54,2,"NAMSANG","CHANGKOM HONDIK",NA,NA,NA,NA,NA,NA
"Arunachal_Pradesh",1999,55,1,"KHONSA EAST","T.L. RAJKUMAR",NA,NA,NA,NA,NA,NA
"Arunachal_Pradesh",1999,56,1,"KHONSA WEST","THAJAM ABOH",NA,NA,NA,NA,NA,NA
"Arunachal_Pradesh",1999,56,2,"KHONSA WEST","HANGLIAM SUMNYAN",NA,NA,NA,NA,NA,NA
"Arunachal_Pradesh",1999,56,3,"KHONSA WEST","SIJEN KONGKANG",NA,NA,NA,NA,NA,NA
"Arunachal_Pradesh",1999,57,1,"BORDURIA- BAGAPANI","LOWANGCHA WANGLAT",NA,NA,NA,NA,NA,NA
"Arunachal_Pradesh",1999,57,2,"BORDURIA- BAGAPANI","WANGLIN LOWANGDONG",NA,NA,NA,NA,NA,NA
"Arunachal_Pradesh",1999,58,1,"KANUBARI","NEWLAI TINGKHATRA",NA,NA,NA,NA,NA,NA
"Arunachal_Pradesh",1999,58,2,"KANUBARI","LAICHOI WANGPAN",NA,NA,NA,NA,NA,NA
"Arunachal_Pradesh",1999,58,3,"KANUBARI","HEJAM PONGLAHAM",NA,NA,NA,NA,NA,NA
"Arunachal_Pradesh",1999,58,4,"KANUBARI","JAMAW ARANGHAM",NA,NA,NA,NA,NA,NA
"Arunachal_Pradesh",1999,58,5,"KANUBARI","SOMPHA WANGSA",NA,NA,NA,NA,NA,NA
"Arunachal_Pradesh",1999,59,1,"LONGDING-PUMAO","TINGPONG WANGHAM",NA,NA,NA,NA,NA,NA
"Arunachal_Pradesh",1999,59,2,"LONGDING-PUMAO","THANGWANG WANGHAM",NA,NA,NA,NA,NA,NA
"Arunachal_Pradesh",1999,59,3,"LONGDING-PUMAO","TANPHO WANGNAW",NA,NA,NA,NA,NA,NA
"Arunachal_Pradesh",1999,59,4,"LONGDING-PUMAO","TINGJEM WANGSU",NA,NA,NA,NA,NA,NA
"Arunachal_Pradesh",1999,60,1,"PONGCHOU-WAKKA","ANOK WANGSA",NA,NA,NA,NA,NA,NA
"Arunachal_Pradesh",1999,60,2,"PONGCHOU-WAKKA","HONCHUN NGANDAM",NA,NA,NA,NA,NA,NA
"Arunachal_Pradesh",2004,1,1,"LUMLA","T.G.RINPOCHE","ST",NA,NA,NA,NA,NA
"Arunachal_Pradesh",2004,1,2,"LUMLA","JAMBEY WANGDI","ST",NA,NA,NA,NA,NA
"Arunachal_Pradesh",2004,2,1,"TAWANG","TSEWANG DHONDUP","ST",NA,NA,NA,NA,NA
"Arunachal_Pradesh",2004,2,2,"TAWANG","THUPTEN TEMPA","ST",NA,NA,NA,NA,NA
"Arunachal_Pradesh",2004,5,1,"KALAKTANG","SHRI RINCHIN KHANDU KHRIMEY","ST",NA,NA,NA,NA,NA
"Arunachal_Pradesh",2004,5,2,"KALAKTANG","SHRI D.K.THONGDOK","ST",NA,NA,NA,NA,NA
"Arunachal_Pradesh",2004,6,1,"THRIZINO-BURAGAON","SHRI NARESH GLOW","ST",NA,NA,NA,NA,NA
"Arunachal_Pradesh",2004,6,2,"THRIZINO-BURAGAON","SHRI GOVARDHAN NIMASOW","ST",NA,NA,NA,NA,NA
"Arunachal_Pradesh",2004,7,1,"BOMDILA","R.T. KHUNJUJU","ST",NA,NA,NA,NA,NA
"Arunachal_Pradesh",2004,7,2,"BOMDILA","JAPU DERU","ST",NA,NA,NA,NA,NA
"Arunachal_Pradesh",2004,7,3,"BOMDILA","PREM KHANDU THUNGON","ST",NA,NA,NA,NA,NA
"Arunachal_Pradesh",2004,7,4,"BOMDILA","SHERGE THUNGON","ST",NA,NA,NA,NA,NA
"Arunachal_Pradesh",2004,8,1,"BAMENG","KUMAR WAII","ST",NA,NA,NA,NA,NA
"Arunachal_Pradesh",2004,8,2,"BAMENG","MEKUP DOLO","ST",NA,NA,NA,NA,NA
"Arunachal_Pradesh",2004,9,1,"CHAYANGTAJO","KAMENG DOLO","ST",NA,NA,NA,NA,NA
"Arunachal_Pradesh",2004,9,2,"CHAYANGTAJO","TARA BAGANG","ST",NA,NA,NA,NA,NA
"Arunachal_Pradesh",2004,10,1,"SEPPA EAST","ATUM WELLY","ST",NA,NA,NA,NA,NA
"Arunachal_Pradesh",2004,10,2,"SEPPA EAST","TAME PHASSANG","ST",NA,NA,NA,NA,NA
"Arunachal_Pradesh",2004,11,1,"SEPPA WEST","TANI LOFFA","ST",NA,NA,NA,NA,NA
"Arunachal_Pradesh",2004,11,2,"SEPPA WEST","HARI NOTUNG","ST",NA,NA,NA,NA,NA
"Arunachal_Pradesh",2004,12,1,"PAKKE-KASANG","TECHI HEMU","ST",NA,NA,NA,NA,NA
"Arunachal_Pradesh",2004,12,2,"PAKKE-KASANG","NIANI NATUNG","ST",NA,NA,NA,NA,NA
"Arunachal_Pradesh",2004,13,1,"ITANAGAR","SHRI KIPA BABU","ST",NA,NA,NA,NA,NA
"Arunachal_Pradesh",2004,13,2,"ITANAGAR","SHRI LICHI LEGI","ST",NA,NA,NA,NA,NA
"Arunachal_Pradesh",2004,13,3,"ITANAGAR","DR. BIMAN NATUNG","ST",NA,NA,NA,NA,NA
"Arunachal_Pradesh",2004,14,1,"DOIMUKH","SHRI NGURANG PINCH","ST",NA,NA,NA,NA,NA
"Arunachal_Pradesh",2004,14,2,"DOIMUKH","SHRI TABA HARE","ST",NA,NA,NA,NA,NA
"Arunachal_Pradesh",2004,14,3,"DOIMUKH","SHRI T.C. TELI","ST",NA,NA,NA,NA,NA
"Arunachal_Pradesh",2004,14,4,"DOIMUKH","SHRI YOWA TAKAR","ST",NA,NA,NA,NA,NA
"Arunachal_Pradesh",2004,16,1,"YACHULI","NIKH KAMIN","ST",NA,NA,NA,NA,NA
"Arunachal_Pradesh",2004,16,2,"YACHULI","LIKHA MAJ","ST",NA,NA,NA,NA,NA
"Arunachal_Pradesh",2004,16,3,"YACHULI","TALLA JORAM","ST",NA,NA,NA,NA,NA
"Arunachal_Pradesh",2004,17,1,"ZIRO-HAPOLI","NANI RIBIA","ST",NA,NA,NA,NA,NA
"Arunachal_Pradesh",2004,17,2,"ZIRO-HAPOLI","PADI RICHO","ST",NA,NA,NA,NA,NA
"Arunachal_Pradesh",2004,18,1,"PALIN","BALO RAJA","ST",NA,NA,NA,NA,NA
"Arunachal_Pradesh",2004,18,2,"PALIN","TAKAM SANJOY","ST",NA,NA,NA,NA,NA
"Arunachal_Pradesh",2004,19,1,"NYAPIN","TATAR KIPA","ST",NA,NA,NA,NA,NA
"Arunachal_Pradesh",2004,19,2,"NYAPIN","BAMANG FELIX","ST",NA,NA,NA,NA,NA
"Arunachal_Pradesh",2004,19,3,"NYAPIN","TAI TAGAK","ST",NA,NA,NA,NA,NA
"Arunachal_Pradesh",2004,20,1,"TALI","TAKAM SORANG","ST",NA,NA,NA,NA,NA
"Arunachal_Pradesh",2004,20,2,"TALI","GICHAK THAJI KIOGI","ST",NA,NA,NA,NA,NA
"Arunachal_Pradesh",2004,21,1,"KOLORIANG","LOKAM TASAR","ST",NA,NA,NA,NA,NA
"Arunachal_Pradesh",2004,21,2,"KOLORIANG","KAHFA BENGIA","ST",NA,NA,NA,NA,NA
"Arunachal_Pradesh",2004,22,1,"NACHO","TANGA BYALING","ST",NA,NA,NA,NA,NA
"Arunachal_Pradesh",2004,22,2,"NACHO","TARIK RAVA","ST",NA,NA,NA,NA,NA
"Arunachal_Pradesh",2004,22,3,"NACHO","TAI RAI","ST",NA,NA,NA,NA,NA
"Arunachal_Pradesh",2004,22,4,"NACHO","TARING DUI","ST",NA,NA,NA,NA,NA
"Arunachal_Pradesh",2004,23,1,"TALIHA","NYATO RIGIA","ST",NA,NA,NA,NA,NA
"Arunachal_Pradesh",2004,23,2,"TALIHA","TANING TASIRING","ST",NA,NA,NA,NA,NA
"Arunachal_Pradesh",2004,23,3,"TALIHA","TARA PAYENG","ST",NA,NA,NA,NA,NA
"Arunachal_Pradesh",2004,24,1,"DAPORIJO","DAKLO NIDAK","ST",NA,NA,NA,NA,NA
"Arunachal_Pradesh",2004,24,2,"DAPORIJO","YARI DULOM","ST",NA,NA,NA,NA,NA
"Arunachal_Pradesh",2004,24,3,"DAPORIJO","TAPEN SIGA","ST",NA,NA,NA,NA,NA
"Arunachal_Pradesh",2004,25,1,"RAGA","NIDO PAVITRA","ST",NA,NA,NA,NA,NA
"Arunachal_Pradesh",2004,25,2,"RAGA","TALO MUGLI","ST",NA,NA,NA,NA,NA
"Arunachal_Pradesh",2004,25,3,"RAGA","KABAK TACHO","ST",NA,NA,NA,NA,NA
"Arunachal_Pradesh",2004,25,4,"RAGA","LIGU TACHO","ST",NA,NA,NA,NA,NA
"Arunachal_Pradesh",2004,26,1,"DUMPORIJO","TAKAR MARDE","ST",NA,NA,NA,NA,NA
"Arunachal_Pradesh",2004,26,2,"DUMPORIJO","TAKAR DONI","ST",NA,NA,NA,NA,NA
"Arunachal_Pradesh",2004,26,3,"DUMPORIJO","YABIK GONGO","ST",NA,NA,NA,NA,NA
"Arunachal_Pradesh",2004,26,4,"DUMPORIJO","RODE BUI","ST",NA,NA,NA,NA,NA
"Arunachal_Pradesh",2004,27,1,"LIROMOBA","JARBOM GAMLIN","ST",NA,NA,NA,NA,NA
"Arunachal_Pradesh",2004,27,2,"LIROMOBA","LIJUM RONYA","ST",NA,NA,NA,NA,NA
"Arunachal_Pradesh",2004,27,3,"LIROMOBA","DR. JAMES MITUM BOJE","ST",NA,NA,NA,NA,NA
"Arunachal_Pradesh",2004,28,1,"LIKABALI","JOMDE KENA","ST",NA,NA,NA,NA,NA
"Arunachal_Pradesh",2004,28,2,"LIKABALI","RIMA TAIPODIA","ST",NA,NA,NA,NA,NA
"Arunachal_Pradesh",2004,29,1,"BASAR","SRI GOJEN GADI","ST",NA,NA,NA,NA,NA
"Arunachal_Pradesh",2004,29,2,"BASAR","SRI EKEN RIBA","ST",NA,NA,NA,NA,NA
"Arunachal_Pradesh",2004,30,1,"ALONG WEST","GADAM ETE","ST",NA,NA,NA,NA,NA
"Arunachal_Pradesh",2004,30,2,"ALONG WEST","JUMBI BAGRA","ST",NA,NA,NA,NA,NA
"Arunachal_Pradesh",2004,30,3,"ALONG WEST","IGE ETE","ST",NA,NA,NA,NA,NA
"Arunachal_Pradesh",2004,30,4,"ALONG WEST","TUJO BAGRA","ST",NA,NA,NA,NA,NA
"Arunachal_Pradesh",2004,31,1,"ALONG EAST","KITO SORA","ST",NA,NA,NA,NA,NA
"Arunachal_Pradesh",2004,31,2,"ALONG EAST","YOMTO JINI","ST",NA,NA,NA,NA,NA
"Arunachal_Pradesh",2004,31,3,"ALONG EAST","TUJO BAGRA","ST",NA,NA,NA,NA,NA
"Arunachal_Pradesh",2004,32,1,"RUMGONG","DIBANG TATAK","ST",NA,NA,NA,NA,NA
"Arunachal_Pradesh",2004,32,2,"RUMGONG","TAMIYO TAGA","ST",NA,NA,NA,NA,NA
"Arunachal_Pradesh",2004,32,3,"RUMGONG","KARMA JERANG","ST",NA,NA,NA,NA,NA
"Arunachal_Pradesh",2004,33,1,"MECHUKA","TADIK CHIJE","ST",NA,NA,NA,NA,NA
"Arunachal_Pradesh",2004,33,2,"MECHUKA","PASANG WANGCHUK SONA","ST",NA,NA,NA,NA,NA
"Arunachal_Pradesh",2004,34,1,"TUTING-YINGKIONG","GEGONG APANG","ST",NA,NA,NA,NA,NA
"Arunachal_Pradesh",2004,34,2,"TUTING-YINGKIONG","OJING KOMBOH","ST",NA,NA,NA,NA,NA
"Arunachal_Pradesh",2004,35,1,"PANGIN","TAPANG TALOH","ST",NA,NA,NA,NA,NA
"Arunachal_Pradesh",2004,35,2,"PANGIN","TANYONG TATAK","ST",NA,NA,NA,NA,NA
"Arunachal_Pradesh",2004,36,1,"NARI-KOYU","TAKO DABI","ST",NA,NA,NA,NA,NA
"Arunachal_Pradesh",2004,36,2,"NARI-KOYU","KARTO KAYE","ST",NA,NA,NA,NA,NA
"Arunachal_Pradesh",2004,36,3,"NARI-KOYU","TANYA DABI","ST",NA,NA,NA,NA,NA
"Arunachal_Pradesh",2004,36,4,"NARI-KOYU","KOJUM KOYU","ST",NA,NA,NA,NA,NA
"Arunachal_Pradesh",2004,37,1,"PASIGHAT WEST","OMAK APANG","ST",NA,NA,NA,NA,NA
"Arunachal_Pradesh",2004,37,2,"PASIGHAT WEST","TANGOR TAPAK","ST",NA,NA,NA,NA,NA
"Arunachal_Pradesh",2004,38,1,"PASIGHAT EAST","BOSIRAM SIRAM","ST",NA,NA,NA,NA,NA
"Arunachal_Pradesh",2004,38,2,"PASIGHAT EAST","NINONG ERING","ST",NA,NA,NA,NA,NA
"Arunachal_Pradesh",2004,38,3,"PASIGHAT EAST","NANOM JAMOH","ST",NA,NA,NA,NA,NA
"Arunachal_Pradesh",2004,38,4,"PASIGHAT EAST","OKEP JAMOH","ST",NA,NA,NA,NA,NA
"Arunachal_Pradesh",2004,39,1,"MEBO","LOMBO TAYENG","ST",NA,NA,NA,NA,NA
"Arunachal_Pradesh",2004,39,2,"MEBO","RALOM BORANG","ST",NA,NA,NA,NA,NA
"Arunachal_Pradesh",2004,40,1,"MARIYANG-GEKU","J.K. PANGGENG","ST",NA,NA,NA,NA,NA
"Arunachal_Pradesh",2004,40,2,"MARIYANG-GEKU","KABANG BORANG","ST",NA,NA,NA,NA,NA
"Arunachal_Pradesh",2004,40,3,"MARIYANG-GEKU","KANGIR JAMOH","ST",NA,NA,NA,NA,NA
"Arunachal_Pradesh",2004,40,4,"MARIYANG-GEKU","DANA PERTIN","ST",NA,NA,NA,NA,NA
"Arunachal_Pradesh",2004,41,1,"ANINI","RAJESH TACHO","ST",NA,NA,NA,NA,NA
"Arunachal_Pradesh",2004,41,2,"ANINI","PARO MOLO","ST",NA,NA,NA,NA,NA
"Arunachal_Pradesh",2004,41,3,"ANINI","TASKU TAYU","ST",NA,NA,NA,NA,NA
"Arunachal_Pradesh",2004,42,1,"DAMBUK","RODING PERTIN","ST",NA,NA,NA,NA,NA
"Arunachal_Pradesh",2004,42,2,"DAMBUK","JOMIN TAYENG","ST",NA,NA,NA,NA,NA
"Arunachal_Pradesh",2004,42,3,"DAMBUK","BASSU PERME","ST",NA,NA,NA,NA,NA
"Arunachal_Pradesh",2004,42,4,"DAMBUK","PUNNYA APUM","ST",NA,NA,NA,NA,NA
"Arunachal_Pradesh",2004,43,1,"ROING","MUKUT MITHI","ST",NA,NA,NA,NA,NA
"Arunachal_Pradesh",2004,43,2,"ROING","LAETA UMBREY","ST",NA,NA,NA,NA,NA
"Arunachal_Pradesh",2004,44,1,"TEZU","KARIKHO KRI","ST",NA,NA,NA,NA,NA
"Arunachal_Pradesh",2004,44,2,"TEZU","NAKUL CHAI","ST",NA,NA,NA,NA,NA
"Arunachal_Pradesh",2004,44,3,"TEZU","GOFAILUM KRI","ST",NA,NA,NA,NA,NA
"Arunachal_Pradesh",2004,45,1,"HAYULIANG","KALIKHO PUL","ST",NA,NA,NA,NA,NA
"Arunachal_Pradesh",2004,45,2,"HAYULIANG","KHAPRISO KRONG","ST",NA,NA,NA,NA,NA
"Arunachal_Pradesh",2004,46,1,"CHOWKHAM","CHOW TEWA MEIN","ST",NA,NA,NA,NA,NA
"Arunachal_Pradesh",2004,46,2,"CHOWKHAM","CHOW INDRAJIT NAMCHOOM","ST",NA,NA,NA,NA,NA
"Arunachal_Pradesh",2004,46,3,"CHOWKHAM","NANG FRICA NAMSHUM","ST",NA,NA,NA,NA,NA
"Arunachal_Pradesh",2004,46,4,"CHOWKHAM","SOKIO DELLANG","ST",NA,NA,NA,NA,NA
"Arunachal_Pradesh",2004,46,5,"CHOWKHAM","CHOW NOUMEE NAMSHOOM","ST",NA,NA,NA,NA,NA
"Arunachal_Pradesh",2004,47,1,"NAMSAI","CHOW PINGTHIKA NAMCHOOM","ST",NA,NA,NA,NA,NA
"Arunachal_Pradesh",2004,47,2,"NAMSAI","C.P.NAMCHOOM","ST",NA,NA,NA,NA,NA
"Arunachal_Pradesh",2004,47,3,"NAMSAI","CHOWLIK MANPOONG","ST",NA,NA,NA,NA,NA
"Arunachal_Pradesh",2004,48,1,"LEKANG","CHOWNA MEIN","ST",NA,NA,NA,NA,NA
"Arunachal_Pradesh",2004,48,2,"LEKANG","CHOW NACHING LOONGCHOT","ST",NA,NA,NA,NA,NA
"Arunachal_Pradesh",2004,48,3,"LEKANG","SOTAI KRI","ST",NA,NA,NA,NA,NA
"Arunachal_Pradesh",2004,48,4,"LEKANG","CHOW MITHILA MAUNGLANG","ST",NA,NA,NA,NA,NA
"Arunachal_Pradesh",2004,48,5,"LEKANG","CHAU PINKKHAM MUNGLANG","ST",NA,NA,NA,NA,NA
"Arunachal_Pradesh",2004,49,1,"BORDUMSA-DIYUM","C.C. SINGPHO","ST",NA,NA,NA,NA,NA
"Arunachal_Pradesh",2004,49,2,"BORDUMSA-DIYUM","MAYONG MAIO","ST",NA,NA,NA,NA,NA
"Arunachal_Pradesh",2004,49,3,"BORDUMSA-DIYUM","LAJALA SINGPHO","ST",NA,NA,NA,NA,NA
"Arunachal_Pradesh",2004,49,4,"BORDUMSA-DIYUM","UMBONTANG SINGPHO","ST",NA,NA,NA,NA,NA
"Arunachal_Pradesh",2004,50,1,"MIAO","KAMLUNG MOSSANG","ST",NA,NA,NA,NA,NA
"Arunachal_Pradesh",2004,50,2,"MIAO","K.K. MOKLOM","ST",NA,NA,NA,NA,NA
"Arunachal_Pradesh",2004,51,1,"NAMPONG","SETONG SENA","ST",NA,NA,NA,NA,NA
"Arunachal_Pradesh",2004,51,2,"NAMPONG","KOMOLI MOSANG","ST",NA,NA,NA,NA,NA
"Arunachal_Pradesh",2004,52,1,"CHANGLANG SOUTH","PHOSUM KHIMHUN","ST",NA,NA,NA,NA,NA
"Arunachal_Pradesh",2004,52,2,"CHANGLANG SOUTH","NGUNGTIM CHANGMI","ST",NA,NA,NA,NA,NA
"Arunachal_Pradesh",2004,53,1,"CHANGLANG NORTH","WANGNIA PONGTE","ST",NA,NA,NA,NA,NA
"Arunachal_Pradesh",2004,53,2,"CHANGLANG NORTH","THINGHAP TAIJU","ST",NA,NA,NA,NA,NA
"Arunachal_Pradesh",2004,53,3,"CHANGLANG NORTH","TENGAM NGEMU","ST",NA,NA,NA,NA,NA
"Arunachal_Pradesh",2004,54,1,"NAMSANG","WANGKI LOWANG","ST",NA,NA,NA,NA,NA
"Arunachal_Pradesh",2004,54,2,"NAMSANG","WANGPHA LOWANG","ST",NA,NA,NA,NA,NA
"Arunachal_Pradesh",2004,54,3,"NAMSANG","WINDONG SAWIN","ST",NA,NA,NA,NA,NA
"Arunachal_Pradesh",2004,55,1,"KHONSA EAST","KAMTHOK LOWANG","ST",NA,NA,NA,NA,NA
"Arunachal_Pradesh",2004,55,2,"KHONSA EAST","CHOPNEI CHIMYANG","ST",NA,NA,NA,NA,NA
"Arunachal_Pradesh",2004,55,3,"KHONSA EAST","T.L.RAJKUMAR","ST",NA,NA,NA,NA,NA
"Arunachal_Pradesh",2004,56,1,"KHONSA WEST","THAJAM ABOH","ST",NA,NA,NA,NA,NA
"Arunachal_Pradesh",2004,56,2,"KHONSA WEST","YUMSEM MATEY","ST",NA,NA,NA,NA,NA
"Arunachal_Pradesh",2004,56,3,"KHONSA WEST","HANGLIAM SUMNYAN","ST",NA,NA,NA,NA,NA
"Arunachal_Pradesh",2004,57,1,"BORDURIA- BOGAPANI","WANGLIN LOWANGDONG","ST",NA,NA,NA,NA,NA
"Arunachal_Pradesh",2004,57,2,"BORDURIA- BOGAPANI","LOWANGCHA WANGLAT","ST",NA,NA,NA,NA,NA
"Arunachal_Pradesh",2004,58,1,"KANUBARI","NEWLAI TINGKHATRA","ST",NA,NA,NA,NA,NA
"Arunachal_Pradesh",2004,58,2,"KANUBARI","LAICHOI WANGPAN","ST",NA,NA,NA,NA,NA
"Arunachal_Pradesh",2004,58,3,"KANUBARI","HEJAM PONGLAHAM","ST",NA,NA,NA,NA,NA
"Arunachal_Pradesh",2004,58,4,"KANUBARI","NOKSONG BOHAM","ST",NA,NA,NA,NA,NA
"Arunachal_Pradesh",2004,58,5,"KANUBARI","ALINI WANGCHA (RAJKUMARI)","ST",NA,NA,NA,NA,NA
"Arunachal_Pradesh",2004,59,1,"LONGDING-PUMAO","THANWANG WANGHAM","ST",NA,NA,NA,NA,NA
"Arunachal_Pradesh",2004,59,2,"LONGDING-PUMAO","TINGPONG WANGHAM","ST",NA,NA,NA,NA,NA
"Arunachal_Pradesh",2004,59,3,"LONGDING-PUMAO","TANPHO WANGNAW","ST",NA,NA,NA,NA,NA
"Arunachal_Pradesh",2004,59,4,"LONGDING-PUMAO","PONGSA SAHAM","ST",NA,NA,NA,NA,NA
"Arunachal_Pradesh",2004,59,5,"LONGDING-PUMAO","TINGJEM WANGSU","ST",NA,NA,NA,NA,NA
"Arunachal_Pradesh",2004,60,1,"PONGCHAO-WAKKA","HONCHUN NGANDAM","ST",NA,NA,NA,NA,NA
"Arunachal_Pradesh",2004,60,2,"PONGCHAO-WAKKA","ANOK WANGSA","ST",NA,NA,NA,NA,NA
"Arunachal_Pradesh",2004,60,3,"PONGCHAO-WAKKA","NASIB GAGANG GAPAHAM","ST",NA,NA,NA,NA,NA
"Arunachal_Pradesh",2004,60,4,"PONGCHAO-WAKKA","KAPNYAI WANGSA","ST",NA,NA,NA,NA,NA
"Arunachal_Pradesh",2009,1,1,"Lumla","JAMBEY TASHI","ST",NA,NA,NA,NA,NA
"Arunachal_Pradesh",2009,2,1,"Tawang","TSEWANG DHONDUP","ST",NA,NA,NA,NA,NA
"Arunachal_Pradesh",2009,3,1,"Mukto","DORJEE KHANDU","ST",NA,NA,NA,NA,NA
"Arunachal_Pradesh",2009,4,1,"Dirang","PHURPA TSERING","ST",NA,NA,NA,NA,NA
"Arunachal_Pradesh",2009,4,2,"Dirang","TSERING GYURME","ST",NA,NA,NA,NA,NA
"Arunachal_Pradesh",2009,5,1,"Kalaktang","TENZING NORBU THONGDOK","ST",NA,NA,NA,NA,NA
"Arunachal_Pradesh",2009,5,2,"Kalaktang","RINCHIN KHANDU KHRIMEY","ST",NA,NA,NA,NA,NA
"Arunachal_Pradesh",2009,6,1,"Thrizino-buragaon","KUMSI SIDISOW","ST",NA,NA,NA,NA,NA
"Arunachal_Pradesh",2009,6,2,"Thrizino-buragaon","NARESH GLOW","ST",NA,NA,NA,NA,NA
"Arunachal_Pradesh",2009,7,1,"Bomdila","R. T. KHUNJUJU","ST",NA,NA,NA,NA,NA
"Arunachal_Pradesh",2009,7,2,"Bomdila","JAPU DERU","ST",NA,NA,NA,NA,NA
"Arunachal_Pradesh",2009,7,3,"Bomdila","SAMBU SIONGJU","ST",NA,NA,NA,NA,NA
"Arunachal_Pradesh",2009,8,1,"Bameng","KUMAR WAII","ST",NA,NA,NA,NA,NA
"Arunachal_Pradesh",2009,8,2,"Bameng","TAGUNG NERI","ST",NA,NA,NA,NA,NA
"Arunachal_Pradesh",2009,9,1,"Chayang tajo","KARYA BAGANG","ST",NA,NA,NA,NA,NA
"Arunachal_Pradesh",2009,9,2,"Chayang tajo","KAMENG DOLO","ST",NA,NA,NA,NA,NA
"Arunachal_Pradesh",2009,10,1,"Seppa East","TAPUK TAKU","ST",NA,NA,NA,NA,NA
"Arunachal_Pradesh",2009,10,2,"Seppa East","TAME PHASSANG","ST",NA,NA,NA,NA,NA
"Arunachal_Pradesh",2009,11,1,"Seppa West","TANI LOFFA","ST",NA,NA,NA,NA,NA
"Arunachal_Pradesh",2009,11,2,"Seppa West","HARI NOTUNG","ST",NA,NA,NA,NA,NA
"Arunachal_Pradesh",2009,12,1,"Pakke kessang","ATUM WELLY","ST",NA,NA,NA,NA,NA
"Arunachal_Pradesh",2009,12,2,"Pakke kessang","TECHI HEMU","ST",NA,NA,NA,NA,NA
"Arunachal_Pradesh",2009,13,1,"Itanagar","SHRI TECHI KASO","ST",NA,NA,NA,NA,NA
"Arunachal_Pradesh",2009,13,2,"Itanagar","SHRI KIPA BABU","ST",NA,NA,NA,NA,NA
"Arunachal_Pradesh",2009,13,3,"Itanagar","SHRI LICHI LEGI","ST",NA,NA,NA,NA,NA
"Arunachal_Pradesh",2009,13,4,"Itanagar","SHRI TECHI NECHA","ST",NA,NA,NA,NA,NA
"Arunachal_Pradesh",2009,13,5,"Itanagar","SRI TAMI TANIANG","ST",NA,NA,NA,NA,NA
"Arunachal_Pradesh",2009,14,1,"Doimukh","SHRI NABAM REBIA","ST",NA,NA,NA,NA,NA
"Arunachal_Pradesh",2009,14,2,"Doimukh","SHRI NGURANG PINCH","ST",NA,NA,NA,NA,NA
"Arunachal_Pradesh",2009,14,3,"Doimukh","SHRI T.C. TELI","ST",NA,NA,NA,NA,NA
"Arunachal_Pradesh",2009,15,1,"Sagalee","SHRI NABAM TUKI","ST",NA,NA,NA,NA,NA
"Arunachal_Pradesh",2009,15,2,"Sagalee","SRI TAD TANA","ST",NA,NA,NA,NA,NA
"Arunachal_Pradesh",2009,16,1,"Yachuli","SHRI LIKHA SAAYA","ST",NA,NA,NA,NA,NA
"Arunachal_Pradesh",2009,16,2,"Yachuli","SHRI NIKH KAMIN","ST",NA,NA,NA,NA,NA
"Arunachal_Pradesh",2009,16,3,"Yachuli","SHRI JOTAM TOKO TAKAM","ST",NA,NA,NA,NA,NA
"Arunachal_Pradesh",2009,17,1,"Ziro hapoli","SHRI PADI RICHO","ST",NA,NA,NA,NA,NA
"Arunachal_Pradesh",2009,17,2,"Ziro hapoli","NANI RIBIA","ST",NA,NA,NA,NA,NA
"Arunachal_Pradesh",2009,17,3,"Ziro hapoli","SHRI KURU TAI","ST",NA,NA,NA,NA,NA
"Arunachal_Pradesh",2009,17,4,"Ziro hapoli","SRI SUBU KOYANG","ST",NA,NA,NA,NA,NA
"Arunachal_Pradesh",2009,18,1,"Palin","TAKAM TAGAR","ST",NA,NA,NA,NA,NA
"Arunachal_Pradesh",2009,18,2,"Palin","BALO RAJA","ST",NA,NA,NA,NA,NA
"Arunachal_Pradesh",2009,18,3,"Palin","CHARU TANAM","ST",NA,NA,NA,NA,NA
"Arunachal_Pradesh",2009,19,1,"Nyapin","BAMANG FELIX","ST",NA,NA,NA,NA,NA
"Arunachal_Pradesh",2009,19,2,"Nyapin","TATAR KIPA","ST",NA,NA,NA,NA,NA
"Arunachal_Pradesh",2009,20,1,"Tali","MARKIO TADO","ST",NA,NA,NA,NA,NA
"Arunachal_Pradesh",2009,20,2,"Tali","TAKAM SORANG","ST",NA,NA,NA,NA,NA
"Arunachal_Pradesh",2009,21,1,"Koloriang","LOKAM TASSAR","ST",NA,NA,NA,NA,NA
"Arunachal_Pradesh",2009,21,2,"Koloriang","KAHFA BENGIA","ST",NA,NA,NA,NA,NA
"Arunachal_Pradesh",2009,22,1,"Nacho","SHRI TANGA BYALING","ST",NA,NA,NA,NA,NA
"Arunachal_Pradesh",2009,22,2,"Nacho","SHRI AJIT NACHO","ST",NA,NA,NA,NA,NA
"Arunachal_Pradesh",2009,22,3,"Nacho","SHRI TAPA GARAM BAKI","ST",NA,NA,NA,NA,NA
"Arunachal_Pradesh",2009,23,1,"Taliha","SHRI PUNJI MARA","ST",NA,NA,NA,NA,NA
"Arunachal_Pradesh",2009,23,2,"Taliha","SHRI NYATO RIGIA","ST",NA,NA,NA,NA,NA
"Arunachal_Pradesh",2009,24,1,"Daporijo","SHRI TAPEN SIGA","ST",NA,NA,NA,NA,NA
"Arunachal_Pradesh",2009,24,2,"Daporijo","SMTI YARI DULOM","ST",NA,NA,NA,NA,NA
"Arunachal_Pradesh",2009,24,3,"Daporijo","SHRI DAKLO NIDAK","ST",NA,NA,NA,NA,NA
"Arunachal_Pradesh",2009,24,4,"Daporijo","SHRI MAJI MARGING","ST",NA,NA,NA,NA,NA
"Arunachal_Pradesh",2009,24,5,"Daporijo","SHRI TAKIR KURDU","ST",NA,NA,NA,NA,NA
"Arunachal_Pradesh",2009,25,1,"Raga","SRI NIDO PAVITRA","ST",NA,NA,NA,NA,NA
"Arunachal_Pradesh",2009,25,2,"Raga","SHRI AATH TACHO KABAK","ST",NA,NA,NA,NA,NA
"Arunachal_Pradesh",2009,25,3,"Raga","SHRI TALO MUGLI","ST",NA,NA,NA,NA,NA
"Arunachal_Pradesh",2009,26,1,"Dumporijo","SHRI TAKAR MARDE","ST",NA,NA,NA,NA,NA
"Arunachal_Pradesh",2009,26,2,"Dumporijo","SHRI LOMPAK PAKSOK","ST",NA,NA,NA,NA,NA
"Arunachal_Pradesh",2009,27,1,"Liromoba","JARBOM GAMLIN","ST",NA,NA,NA,NA,NA
"Arunachal_Pradesh",2009,27,2,"Liromoba","BAI GADI","ST",NA,NA,NA,NA,NA
"Arunachal_Pradesh",2009,28,1,"Likabali","JOMDE KENA","ST",NA,NA,NA,NA,NA
"Arunachal_Pradesh",2009,28,2,"Likabali","YAI MARA","ST",NA,NA,NA,NA,NA
"Arunachal_Pradesh",2009,28,3,"Likabali","GUMKE RIBA","ST",NA,NA,NA,NA,NA
"Arunachal_Pradesh",2009,28,4,"Likabali","KARDU TAIPODIA","ST",NA,NA,NA,NA,NA
"Arunachal_Pradesh",2009,29,1,"Basar","GOJEN GADI","ST",NA,NA,NA,NA,NA
"Arunachal_Pradesh",2009,29,2,"Basar","DAKTER BASAR","ST",NA,NA,NA,NA,NA
"Arunachal_Pradesh",2009,29,3,"Basar","YOMKAR RIBA","ST",NA,NA,NA,NA,NA
"Arunachal_Pradesh",2009,30,1,"Along West","GADAM ETE","ST",NA,NA,NA,NA,NA
"Arunachal_Pradesh",2009,30,2,"Along West","DUTER PADU","ST",NA,NA,NA,NA,NA
"Arunachal_Pradesh",2009,31,1,"Along East","JARKAR GAMLIN","ST",NA,NA,NA,NA,NA
"Arunachal_Pradesh",2009,31,2,"Along East","YOMTO JINI","ST",NA,NA,NA,NA,NA
"Arunachal_Pradesh",2009,32,1,"Rumgong","TAMIYO TAGA","ST",NA,NA,NA,NA,NA
"Arunachal_Pradesh",2009,32,2,"Rumgong","KARMA JERANG","ST",NA,NA,NA,NA,NA
"Arunachal_Pradesh",2009,32,3,"Rumgong","DIBANG TATAK","ST",NA,NA,NA,NA,NA
"Arunachal_Pradesh",2009,32,4,"Rumgong","TAYU JERANG","ST",NA,NA,NA,NA,NA
"Arunachal_Pradesh",2009,33,1,"Mechukha","PASANG DORJEE SONA","ST",NA,NA,NA,NA,NA
"Arunachal_Pradesh",2009,33,2,"Mechukha","TSERING NAKSANG","ST",NA,NA,NA,NA,NA
"Arunachal_Pradesh",2009,33,3,"Mechukha","BOTE YUTO","ST",NA,NA,NA,NA,NA
"Arunachal_Pradesh",2009,33,4,"Mechukha","TAKO PUNING","ST",NA,NA,NA,NA,NA
"Arunachal_Pradesh",2009,34,1,"Tuting Yingkiong","ALO LIBANG","ST",NA,NA,NA,NA,NA
"Arunachal_Pradesh",2009,34,2,"Tuting Yingkiong","GEGONG APANG","ST",NA,NA,NA,NA,NA
"Arunachal_Pradesh",2009,34,3,"Tuting Yingkiong","KATAN KOMBOH","ST",NA,NA,NA,NA,NA
"Arunachal_Pradesh",2009,35,1,"Pangin","TAPANG TALOH","ST",NA,NA,NA,NA,NA
"Arunachal_Pradesh",2009,35,2,"Pangin","KALING JERANG","ST",NA,NA,NA,NA,NA
"Arunachal_Pradesh",2009,36,1,"Nari-Koyu","TAKO DABI","ST",NA,NA,NA,NA,NA
"Arunachal_Pradesh",2009,36,2,"Nari-Koyu","KENYIR RINGU","ST",NA,NA,NA,NA,NA
"Arunachal_Pradesh",2009,37,1,"Pasighat West","DR. TANGOR TAPAK","ST",NA,NA,NA,NA,NA
"Arunachal_Pradesh",2009,37,2,"Pasighat West","OMAK APANG","ST",NA,NA,NA,NA,NA
"Arunachal_Pradesh",2009,38,1,"Pasighat East","BOSIRAM SIRAM","ST",NA,NA,NA,NA,NA
"Arunachal_Pradesh",2009,38,2,"Pasighat East","KALING MOYONG","ST",NA,NA,NA,NA,NA
"Arunachal_Pradesh",2009,38,3,"Pasighat East","OYEM DAI","ST",NA,NA,NA,NA,NA
"Arunachal_Pradesh",2009,39,1,"Mebo","RALOM BORANG","ST",NA,NA,NA,NA,NA
"Arunachal_Pradesh",2009,39,2,"Mebo","LOMBO TAYENG","ST",NA,NA,NA,NA,NA
"Arunachal_Pradesh",2009,40,1,"Mariyang-Geku","J K PANGGENG","ST",NA,NA,NA,NA,NA
"Arunachal_Pradesh",2009,40,2,"Mariyang-Geku","RAISING PERME","ST",NA,NA,NA,NA,NA
"Arunachal_Pradesh",2009,40,3,"Mariyang-Geku","OLOM PANYANG","ST",NA,NA,NA,NA,NA
"Arunachal_Pradesh",2009,40,4,"Mariyang-Geku","DANA PERTIN","ST",NA,NA,NA,NA,NA
"Arunachal_Pradesh",2009,41,1,"Anini","RAJESH TACHO","ST",NA,NA,NA,NA,NA
"Arunachal_Pradesh",2009,41,2,"Anini","ERI TAYU","ST",NA,NA,NA,NA,NA
"Arunachal_Pradesh",2009,42,1,"Dambuk","JOMIN TAYENG","ST",NA,NA,NA,NA,NA
"Arunachal_Pradesh",2009,42,2,"Dambuk","RODING PERTIN","ST",NA,NA,NA,NA,NA
"Arunachal_Pradesh",2009,43,1,"Roing","SHRI LAETA UMBREY","ST",NA,NA,NA,NA,NA
"Arunachal_Pradesh",2009,43,2,"Roing","SMTI POMAYA MITHI","ST",NA,NA,NA,NA,NA
"Arunachal_Pradesh",2009,44,1,"Tezu","KARIKHO KRI","ST",NA,NA,NA,NA,NA
"Arunachal_Pradesh",2009,44,2,"Tezu","NAKUL CHAI","ST",NA,NA,NA,NA,NA
"Arunachal_Pradesh",2009,45,1,"Hayuliang","SHRI KALIKHO PUL","ST",NA,NA,NA,NA,NA
"Arunachal_Pradesh",2009,45,2,"Hayuliang","SHRI BARITLUM AMA","ST",NA,NA,NA,NA,NA
"Arunachal_Pradesh",2009,45,3,"Hayuliang","SH. BANIM KRI","ST",NA,NA,NA,NA,NA
"Arunachal_Pradesh",2009,45,4,"Hayuliang","SHRI KHUJE DRAI","ST",NA,NA,NA,NA,NA
"Arunachal_Pradesh",2009,46,1,"Chowkham","CHOW TEWA MEIN","ST",NA,NA,NA,NA,NA
"Arunachal_Pradesh",2009,46,2,"Chowkham","CHOW CHINAKONG NAMCHOOM","ST",NA,NA,NA,NA,NA
"Arunachal_Pradesh",2009,47,1,"Namsai","NANG SATI MEIN","ST",NA,NA,NA,NA,NA
"Arunachal_Pradesh",2009,47,2,"Namsai","CHOW PINGTHIKA NAMCHOOM","ST",NA,NA,NA,NA,NA
"Arunachal_Pradesh",2009,47,3,"Namsai","CHAU AMBIKA ENLING","ST",NA,NA,NA,NA,NA
"Arunachal_Pradesh",2009,47,4,"Namsai","CHOW CHANDRA MANSAI","ST",NA,NA,NA,NA,NA
"Arunachal_Pradesh",2009,48,1,"Lekang","CHOWNA MEIN","ST",NA,NA,NA,NA,NA
"Arunachal_Pradesh",2009,48,2,"Lekang","JAMES TECHI TARA","ST",NA,NA,NA,NA,NA
"Arunachal_Pradesh",2009,48,3,"Lekang","SOTAI KRI","ST",NA,NA,NA,NA,NA
"Arunachal_Pradesh",2009,48,4,"Lekang","KORUNA MORANG","ST",NA,NA,NA,NA,NA
"Arunachal_Pradesh",2009,48,5,"Lekang","LARBIN NASI","ST",NA,NA,NA,NA,NA
"Arunachal_Pradesh",2009,49,1,"Bordumsa - Diyum","C.C SINGPHO","ST",NA,NA,NA,NA,NA
"Arunachal_Pradesh",2009,49,2,"Bordumsa - Diyum","KHUMRAL LUNGPHI","ST",NA,NA,NA,NA,NA
"Arunachal_Pradesh",2009,49,3,"Bordumsa - Diyum","SIRAIONG SINGPHO","ST",NA,NA,NA,NA,NA
"Arunachal_Pradesh",2009,50,1,"Miao","KAMLUNG MOSANG","ST",NA,NA,NA,NA,NA
"Arunachal_Pradesh",2009,50,2,"Miao","SAMCHOM NGEMU","ST",NA,NA,NA,NA,NA
"Arunachal_Pradesh",2009,51,1,"Nampong","SETONG SENA","ST",NA,NA,NA,NA,NA
"Arunachal_Pradesh",2009,51,2,"Nampong","TOSHAM MOSSANG","ST",NA,NA,NA,NA,NA
"Arunachal_Pradesh",2009,52,1,"Changlang South","PHOSUM KHIMHUN","ST",NA,NA,NA,NA,NA
"Arunachal_Pradesh",2009,52,2,"Changlang South","TENGAM NGEMU","ST",NA,NA,NA,NA,NA
"Arunachal_Pradesh",2009,52,3,"Changlang South","HAMJONG TANGHA","ST",NA,NA,NA,NA,NA
"Arunachal_Pradesh",2009,53,1,"Changlang North","THINGHAAP TAIJU","ST",NA,NA,NA,NA,NA
"Arunachal_Pradesh",2009,53,2,"Changlang North","WANGNIA PONGTE","ST",NA,NA,NA,NA,NA
"Arunachal_Pradesh",2009,53,3,"Changlang North","HAPPA TAIDONG","ST",NA,NA,NA,NA,NA
"Arunachal_Pradesh",2009,54,1,"Namsang","WANGKI LOWANG","ST",NA,NA,NA,NA,NA
"Arunachal_Pradesh",2009,54,2,"Namsang","WANGLONG RAJKUMAR","ST",NA,NA,NA,NA,NA
"Arunachal_Pradesh",2009,55,1,"Khonsa East","KAMTHOK LOWANG","ST",NA,NA,NA,NA,NA
"Arunachal_Pradesh",2009,55,2,"Khonsa East","T L RAJKUMAR","ST",NA,NA,NA,NA,NA
"Arunachal_Pradesh",2009,55,3,"Khonsa East","NGAMPAY LAMATY","ST",NA,NA,NA,NA,NA
"Arunachal_Pradesh",2009,55,4,"Khonsa East","WANGMAN LOWANGCHA","ST",NA,NA,NA,NA,NA
"Arunachal_Pradesh",2009,56,1,"Khonsa West","YUMSEM MATEY","ST",NA,NA,NA,NA,NA
"Arunachal_Pradesh",2009,56,2,"Khonsa West","THAJAM ABOH","ST",NA,NA,NA,NA,NA
"Arunachal_Pradesh",2009,56,3,"Khonsa West","JITBO ABOH","ST",NA,NA,NA,NA,NA
"Arunachal_Pradesh",2009,56,4,"Khonsa West","LANGWANG SUMPA","ST",NA,NA,NA,NA,NA
"Arunachal_Pradesh",2009,57,1,"Borduria Bogapani","WANGLIN LOWANGDONG","ST",NA,NA,NA,NA,NA
"Arunachal_Pradesh",2009,57,2,"Borduria Bogapani","TONHANG TONGLUK","ST",NA,NA,NA,NA,NA
"Arunachal_Pradesh",2009,58,1,"Kanubari","NEWLAI TINGKHATRA","ST",NA,NA,NA,NA,NA
"Arunachal_Pradesh",2009,58,2,"Kanubari","GABRIEL DENWANG WANGSU","ST",NA,NA,NA,NA,NA
"Arunachal_Pradesh",2009,59,1,"Longding Pumao","THANGWANG WANGHAM","ST",NA,NA,NA,NA,NA
"Arunachal_Pradesh",2009,59,2,"Longding Pumao","TANPHO WANGNAW","ST",NA,NA,NA,NA,NA
"Arunachal_Pradesh",2009,60,1,"Pongchao wakka","HONCHUN NGANDAM","ST",NA,NA,NA,NA,NA
"Arunachal_Pradesh",2009,60,2,"Pongchao wakka","ANOK WANGSA","ST",NA,NA,NA,NA,NA
"Arunachal_Pradesh",2009,60,3,"Pongchao wakka","KAPNAI WANGSA","ST",NA,NA,NA,NA,NA
